<?xml version="1.0" encoding="UTF-8"?>
<EngineeringData version="24.2.0.202" versiondate="2024-05-13 5:34:00 PM">
  <Notes>
  </Notes>
  <Materials>
    <MatML_Doc>
      <Material>
        <Glossary>
          <Term>
            <Name>Mica</Name>
            <Synonym>mica</Synonym>
          </Term>
        </Glossary>
        <BulkDetails>
          <Name>Mica</Name>
          <Class>
            <Name>Mineral</Name>
          </Class>
          <PropertyData property="pr0">
            <Data format="string">-</Data>
            <Qualifier name="Behavior">Isotropic</Qualifier>
            <Qualifier name="Field Variable Compatible">Temperature</Qualifier>
            <Qualifier name="Localized Name">Isotropic Thermal Conductivity</Qualifier>
            <ParameterValue parameter="pa0" format="string">
              <Data>Interpolation Options</Data>
              <Qualifier name="AlgorithmType">Linear Multivariate (Qhull)</Qualifier>
              <Qualifier name="Normalized">True</Qualifier>
              <Qualifier name="Cached">True</Qualifier>
              <Qualifier name="ExtrapolationType">Projection to the Bounding Box</Qualifier>
              <Qualifier name="Localized Name">Interpolation Options</Qualifier>
            </ParameterValue>
            <ParameterValue parameter="pa1" format="float">
              <Data>0.34</Data>
              <Qualifier name="Variable Type">Dependent</Qualifier>
              <Qualifier name="Localized Name">Thermal Conductivity</Qualifier>
            </ParameterValue>
            <ParameterValue parameter="pa2" format="float">
              <Data>7.88860905221012e-31</Data>
              <Qualifier name="Variable Type">Independent</Qualifier>
              <Qualifier name="Localized Name">Temperature</Qualifier>
              <Qualifier name="Field Variable">Temperature</Qualifier>
              <Qualifier name="Default Data">22</Qualifier>
              <Qualifier name="Upper Limit">Program Controlled</Qualifier>
              <Qualifier name="Lower Limit">Program Controlled</Qualifier>
              <Qualifier name="Field Units">C</Qualifier>
            </ParameterValue>
          </PropertyData>
          <PropertyData property="pr1">
            <Data format="string">-</Data>
            <Qualifier name="Field Variable Compatible">Temperature</Qualifier>
            <Qualifier name="Localized Name">Density</Qualifier>
            <ParameterValue parameter="pa0" format="string">
              <Data>Interpolation Options</Data>
              <Qualifier name="AlgorithmType">Linear Multivariate (Qhull)</Qualifier>
              <Qualifier name="Normalized">True</Qualifier>
              <Qualifier name="Cached">True</Qualifier>
              <Qualifier name="ExtrapolationType">Projection to the Bounding Box</Qualifier>
              <Qualifier name="Localized Name">Interpolation Options</Qualifier>
            </ParameterValue>
            <ParameterValue parameter="pa3" format="float">
              <Data>2500</Data>
              <Qualifier name="Variable Type">Dependent</Qualifier>
              <Qualifier name="Localized Name">Density</Qualifier>
            </ParameterValue>
            <ParameterValue parameter="pa2" format="float">
              <Data>7.88860905221012e-31</Data>
              <Qualifier name="Variable Type">Independent</Qualifier>
              <Qualifier name="Localized Name">Temperature</Qualifier>
              <Qualifier name="Field Variable">Temperature</Qualifier>
              <Qualifier name="Default Data">22</Qualifier>
              <Qualifier name="Upper Limit">Program Controlled</Qualifier>
              <Qualifier name="Lower Limit">Program Controlled</Qualifier>
              <Qualifier name="Field Units">C</Qualifier>
            </ParameterValue>
          </PropertyData>
          <PropertyData property="pr2">
            <Data format="string">-</Data>
            <Qualifier name="Definition">Constant Pressure</Qualifier>
            <Qualifier name="Field Variable Compatible">Temperature</Qualifier>
            <Qualifier name="Symbol">Cᵨ</Qualifier>
            <Qualifier name="Localized Name">Specific Heat Constant Pressure</Qualifier>
            <ParameterValue parameter="pa0" format="string">
              <Data>Interpolation Options</Data>
              <Qualifier name="AlgorithmType">Linear Multivariate (Qhull)</Qualifier>
              <Qualifier name="Normalized">True</Qualifier>
              <Qualifier name="Cached">True</Qualifier>
              <Qualifier name="ExtrapolationType">Projection to the Bounding Box</Qualifier>
              <Qualifier name="Localized Name">Interpolation Options</Qualifier>
            </ParameterValue>
            <ParameterValue parameter="pa4" format="float">
              <Data>500</Data>
              <Qualifier name="Variable Type">Dependent</Qualifier>
              <Qualifier name="Localized Name">Specific Heat</Qualifier>
            </ParameterValue>
            <ParameterValue parameter="pa2" format="float">
              <Data>7.88860905221012e-31</Data>
              <Qualifier name="Variable Type">Independent</Qualifier>
              <Qualifier name="Localized Name">Temperature</Qualifier>
              <Qualifier name="Field Variable">Temperature</Qualifier>
              <Qualifier name="Default Data">22</Qualifier>
              <Qualifier name="Upper Limit">Program Controlled</Qualifier>
              <Qualifier name="Lower Limit">Program Controlled</Qualifier>
              <Qualifier name="Field Units">C</Qualifier>
            </ParameterValue>
          </PropertyData>
          <PropertyData property="pr3">
            <Data format="string">-</Data>
            <Qualifier name="guid">8f7fcc0e-6652-4ba8-ba35-74720c6ddc95</Qualifier>
            <Qualifier name="Localized Name">Material Unique Id</Qualifier>
            <Qualifier name="Display">False</Qualifier>
          </PropertyData>
          <PropertyData property="pr4">
            <Data format="string">-</Data>
            <Qualifier name="Localized Name">Color</Qualifier>
            <ParameterValue parameter="pa5" format="float">
              <Data>222</Data>
              <Qualifier name="Variable Type">Dependent</Qualifier>
              <Qualifier name="Localized Name">Red</Qualifier>
            </ParameterValue>
            <ParameterValue parameter="pa6" format="float">
              <Data>222</Data>
              <Qualifier name="Variable Type">Dependent</Qualifier>
              <Qualifier name="Localized Name">Green</Qualifier>
            </ParameterValue>
            <ParameterValue parameter="pa7" format="float">
              <Data>222</Data>
              <Qualifier name="Variable Type">Dependent</Qualifier>
              <Qualifier name="Localized Name">Blue</Qualifier>
            </ParameterValue>
            <ParameterValue parameter="pa8" format="string">
              <Data>Appearance</Data>
            </ParameterValue>
          </PropertyData>
        </BulkDetails>
      </Material>
      <Material>
        <BulkDetails>
          <Name>Nickel</Name>
          <Class>
            <Name>Metal</Name>
          </Class>
          <PropertyData property="pr1">
            <Data format="string">-</Data>
            <Qualifier name="Field Variable Compatible">Temperature</Qualifier>
            <Qualifier name="Localized Name">Density</Qualifier>
            <ParameterValue parameter="pa0" format="string">
              <Data>Interpolation Options</Data>
              <Qualifier name="AlgorithmType">Linear Multivariate (Qhull)</Qualifier>
              <Qualifier name="Normalized">True</Qualifier>
              <Qualifier name="Cached">True</Qualifier>
              <Qualifier name="ExtrapolationType">Projection to the Bounding Box</Qualifier>
              <Qualifier name="Localized Name">Interpolation Options</Qualifier>
            </ParameterValue>
            <ParameterValue parameter="pa3" format="float">
              <Data>8900</Data>
              <Qualifier name="Variable Type">Dependent</Qualifier>
              <Qualifier name="Localized Name">Density</Qualifier>
            </ParameterValue>
          </PropertyData>
          <PropertyData property="pr2">
            <Data format="string">-</Data>
            <Qualifier name="Definition">Constant Pressure</Qualifier>
            <Qualifier name="Field Variable Compatible">Temperature</Qualifier>
            <Qualifier name="Symbol">Cᵨ</Qualifier>
            <Qualifier name="Localized Name">Specific Heat Constant Pressure</Qualifier>
            <ParameterValue parameter="pa0" format="string">
              <Data>Interpolation Options</Data>
              <Qualifier name="AlgorithmType">Linear Multivariate (Qhull)</Qualifier>
              <Qualifier name="Normalized">True</Qualifier>
              <Qualifier name="Cached">True</Qualifier>
              <Qualifier name="ExtrapolationType">Projection to the Bounding Box</Qualifier>
              <Qualifier name="Localized Name">Interpolation Options</Qualifier>
            </ParameterValue>
            <ParameterValue parameter="pa4" format="float">
              <Data>460.6</Data>
              <Qualifier name="Variable Type">Dependent</Qualifier>
              <Qualifier name="Localized Name">Specific Heat</Qualifier>
            </ParameterValue>
          </PropertyData>
          <PropertyData property="pr0">
            <Data format="string">-</Data>
            <Qualifier name="Behavior">Isotropic</Qualifier>
            <Qualifier name="Field Variable Compatible">Temperature</Qualifier>
            <Qualifier name="Localized Name">Isotropic Thermal Conductivity</Qualifier>
            <ParameterValue parameter="pa0" format="string">
              <Data>Interpolation Options</Data>
              <Qualifier name="AlgorithmType">Linear Multivariate (Qhull)</Qualifier>
              <Qualifier name="Normalized">True</Qualifier>
              <Qualifier name="Cached">True</Qualifier>
              <Qualifier name="ExtrapolationType">Projection to the Bounding Box</Qualifier>
              <Qualifier name="Localized Name">Interpolation Options</Qualifier>
            </ParameterValue>
            <ParameterValue parameter="pa1" format="float">
              <Data>91.74</Data>
              <Qualifier name="Variable Type">Dependent</Qualifier>
              <Qualifier name="Localized Name">Thermal Conductivity</Qualifier>
            </ParameterValue>
            <ParameterValue parameter="pa2" format="float">
              <Data>7.88860905221012e-31</Data>
              <Qualifier name="Variable Type">Independent</Qualifier>
              <Qualifier name="Localized Name">Temperature</Qualifier>
              <Qualifier name="Field Variable">Temperature</Qualifier>
              <Qualifier name="Default Data">22</Qualifier>
              <Qualifier name="Upper Limit">Program Controlled</Qualifier>
              <Qualifier name="Lower Limit">Program Controlled</Qualifier>
              <Qualifier name="Field Units">C</Qualifier>
            </ParameterValue>
          </PropertyData>
          <PropertyData property="pr5">
            <Data format="string">-</Data>
            <Qualifier name="Localized Name">Electric Conductivity</Qualifier>
            <ParameterValue parameter="pa9" format="float">
              <Data>12820000</Data>
              <Qualifier name="Variable Type">Dependent</Qualifier>
              <Qualifier name="Localized Name">Electric Conductivity</Qualifier>
            </ParameterValue>
          </PropertyData>
          <PropertyData property="pr6">
            <Data format="string">-</Data>
            <Qualifier name="Localized Name">Magnetic Permeability</Qualifier>
            <ParameterValue parameter="pa10" format="float">
              <Data>1.257e-06</Data>
              <Qualifier name="Variable Type">Dependent</Qualifier>
              <Qualifier name="Localized Name">Magnetic Permeability</Qualifier>
            </ParameterValue>
          </PropertyData>
          <PropertyData property="pr7">
            <Data format="string">-</Data>
            <Qualifier name="Localized Name">Critical Pressure</Qualifier>
            <ParameterValue parameter="pa11" format="float">
              <Data>1080000000</Data>
              <Qualifier name="Variable Type">Dependent</Qualifier>
              <Qualifier name="Localized Name">Critical Pressure</Qualifier>
            </ParameterValue>
          </PropertyData>
          <PropertyData property="pr8">
            <Data format="string">-</Data>
            <Qualifier name="Localized Name">Critical Temperature</Qualifier>
            <ParameterValue parameter="pa12" format="float">
              <Data>9186.85</Data>
              <Qualifier name="Variable Type">Dependent</Qualifier>
              <Qualifier name="Localized Name">Critical Temperature</Qualifier>
            </ParameterValue>
          </PropertyData>
          <PropertyData property="pr9">
            <Data format="string">-</Data>
            <Qualifier name="Localized Name">Critical Volume</Qualifier>
            <ParameterValue parameter="pa13" format="float">
              <Data>0.000391</Data>
              <Qualifier name="Variable Type">Dependent</Qualifier>
              <Qualifier name="Localized Name">Critical Volume</Qualifier>
            </ParameterValue>
          </PropertyData>
          <PropertyData property="pr10">
            <Data format="string">-</Data>
            <Qualifier name="Localized Name">Absorption Coefficient</Qualifier>
            <ParameterValue parameter="pa14" format="float">
              <Data>0</Data>
              <Qualifier name="Variable Type">Dependent</Qualifier>
              <Qualifier name="Localized Name">Absorption Coefficient</Qualifier>
            </ParameterValue>
          </PropertyData>
          <PropertyData property="pr3">
            <Data format="string">-</Data>
            <Qualifier name="guid">88132b72-e64b-4578-b7d4-c1057a97c795</Qualifier>
            <Qualifier name="Localized Name">Material Unique Id</Qualifier>
            <Qualifier name="Display">False</Qualifier>
          </PropertyData>
          <PropertyData property="pr4">
            <Data format="string">-</Data>
            <Qualifier name="Localized Name">Color</Qualifier>
            <ParameterValue parameter="pa5" format="float">
              <Data>-1</Data>
              <Qualifier name="Variable Type">Dependent</Qualifier>
              <Qualifier name="Localized Name">Red</Qualifier>
            </ParameterValue>
            <ParameterValue parameter="pa6" format="float">
              <Data>-1</Data>
              <Qualifier name="Variable Type">Dependent</Qualifier>
              <Qualifier name="Localized Name">Green</Qualifier>
            </ParameterValue>
            <ParameterValue parameter="pa7" format="float">
              <Data>-1</Data>
              <Qualifier name="Variable Type">Dependent</Qualifier>
              <Qualifier name="Localized Name">Blue</Qualifier>
            </ParameterValue>
            <ParameterValue parameter="pa8" format="string">
              <Data>Appearance</Data>
            </ParameterValue>
          </PropertyData>
        </BulkDetails>
      </Material>
      <Material>
        <BulkDetails>
          <Name>Air</Name>
          <Class>
            <Name>Gas</Name>
          </Class>
          <PropertyData property="pr1">
            <Data format="string">-</Data>
            <Qualifier name="Field Variable Compatible">Temperature</Qualifier>
            <Qualifier name="Localized Name">Density</Qualifier>
            <ParameterValue parameter="pa0" format="string">
              <Data>Interpolation Options</Data>
              <Qualifier name="AlgorithmType">Linear Multivariate (Qhull)</Qualifier>
              <Qualifier name="Normalized">True</Qualifier>
              <Qualifier name="Cached">True</Qualifier>
              <Qualifier name="ExtrapolationType">Projection to the Bounding Box</Qualifier>
              <Qualifier name="Localized Name">Interpolation Options</Qualifier>
            </ParameterValue>
            <ParameterValue parameter="pa3" format="float">
              <Data>1.225</Data>
              <Qualifier name="Variable Type">Dependent</Qualifier>
              <Qualifier name="Localized Name">Density</Qualifier>
            </ParameterValue>
            <ParameterValue parameter="pa2" format="float">
              <Data>7.88860905221012e-31</Data>
              <Qualifier name="Variable Type">Independent</Qualifier>
              <Qualifier name="Localized Name">Temperature</Qualifier>
              <Qualifier name="Field Variable">Temperature</Qualifier>
              <Qualifier name="Default Data">22</Qualifier>
              <Qualifier name="Upper Limit">Program Controlled</Qualifier>
              <Qualifier name="Lower Limit">Program Controlled</Qualifier>
              <Qualifier name="Field Units">C</Qualifier>
            </ParameterValue>
          </PropertyData>
          <PropertyData property="pr2">
            <Data format="string">-</Data>
            <Qualifier name="Definition">Constant Pressure</Qualifier>
            <Qualifier name="Field Variable Compatible">Temperature</Qualifier>
            <Qualifier name="Symbol">Cᵨ</Qualifier>
            <Qualifier name="Localized Name">Specific Heat Constant Pressure</Qualifier>
            <ParameterValue parameter="pa0" format="string">
              <Data>Interpolation Options</Data>
              <Qualifier name="AlgorithmType">Linear Multivariate (Qhull)</Qualifier>
              <Qualifier name="Normalized">True</Qualifier>
              <Qualifier name="Cached">True</Qualifier>
              <Qualifier name="ExtrapolationType">Projection to the Bounding Box</Qualifier>
              <Qualifier name="Localized Name">Interpolation Options</Qualifier>
            </ParameterValue>
            <ParameterValue parameter="pa4" format="float">
              <Data>1006.43</Data>
              <Qualifier name="Variable Type">Dependent</Qualifier>
              <Qualifier name="Localized Name">Specific Heat</Qualifier>
            </ParameterValue>
            <ParameterValue parameter="pa2" format="float">
              <Data>7.88860905221012e-31</Data>
              <Qualifier name="Variable Type">Independent</Qualifier>
              <Qualifier name="Localized Name">Temperature</Qualifier>
              <Qualifier name="Field Variable">Temperature</Qualifier>
              <Qualifier name="Default Data">22</Qualifier>
              <Qualifier name="Upper Limit">Program Controlled</Qualifier>
              <Qualifier name="Lower Limit">Program Controlled</Qualifier>
              <Qualifier name="Field Units">C</Qualifier>
            </ParameterValue>
          </PropertyData>
          <PropertyData property="pr0">
            <Data format="string">-</Data>
            <Qualifier name="Behavior">Isotropic</Qualifier>
            <Qualifier name="Field Variable Compatible">Temperature</Qualifier>
            <Qualifier name="Localized Name">Isotropic Thermal Conductivity</Qualifier>
            <ParameterValue parameter="pa0" format="string">
              <Data>Interpolation Options</Data>
              <Qualifier name="AlgorithmType">Linear Multivariate (Qhull)</Qualifier>
              <Qualifier name="Normalized">True</Qualifier>
              <Qualifier name="Cached">True</Qualifier>
              <Qualifier name="ExtrapolationType">Projection to the Bounding Box</Qualifier>
              <Qualifier name="Localized Name">Interpolation Options</Qualifier>
            </ParameterValue>
            <ParameterValue parameter="pa1" format="float">
              <Data>0.0242</Data>
              <Qualifier name="Variable Type">Dependent</Qualifier>
              <Qualifier name="Localized Name">Thermal Conductivity</Qualifier>
            </ParameterValue>
            <ParameterValue parameter="pa2" format="float">
              <Data>7.88860905221012e-31</Data>
              <Qualifier name="Variable Type">Independent</Qualifier>
              <Qualifier name="Localized Name">Temperature</Qualifier>
              <Qualifier name="Field Variable">Temperature</Qualifier>
              <Qualifier name="Default Data">22</Qualifier>
              <Qualifier name="Upper Limit">Program Controlled</Qualifier>
              <Qualifier name="Lower Limit">Program Controlled</Qualifier>
              <Qualifier name="Field Units">C</Qualifier>
            </ParameterValue>
          </PropertyData>
          <PropertyData property="pr11">
            <Data format="string">-</Data>
            <Qualifier name="BETA">Mechanical.ModalAcoustics</Qualifier>
            <Qualifier name="Field Variable Compatible">Temperature</Qualifier>
            <Qualifier name="Localized Name">Viscosity</Qualifier>
            <ParameterValue parameter="pa16" format="float">
              <Data>1.7894e-05</Data>
              <Qualifier name="Variable Type">Dependent</Qualifier>
              <Qualifier name="Localized Name">Viscosity</Qualifier>
            </ParameterValue>
            <ParameterValue parameter="pa2" format="float">
              <Data>7.88860905221012e-31</Data>
              <Qualifier name="Variable Type">Independent</Qualifier>
              <Qualifier name="Localized Name">Temperature</Qualifier>
              <Qualifier name="Field Variable">Temperature</Qualifier>
              <Qualifier name="Default Data">22</Qualifier>
              <Qualifier name="Upper Limit">Program Controlled</Qualifier>
              <Qualifier name="Lower Limit">Program Controlled</Qualifier>
              <Qualifier name="Field Units">C</Qualifier>
            </ParameterValue>
          </PropertyData>
          <PropertyData property="pr14">
            <Data format="string">-</Data>
            <Qualifier name="Localized Name">Molecular Weight</Qualifier>
            <ParameterValue parameter="pa18" format="float">
              <Data>28.966</Data>
              <Qualifier name="Variable Type">Dependent</Qualifier>
              <Qualifier name="Localized Name">Molecular Weight</Qualifier>
            </ParameterValue>
          </PropertyData>
          <PropertyData property="pr15">
            <Data format="string">-</Data>
            <Qualifier name="Localized Name">Lennard Jones Length</Qualifier>
            <ParameterValue parameter="pa19" format="float">
              <Data>3.711</Data>
              <Qualifier name="Variable Type">Dependent</Qualifier>
              <Qualifier name="Localized Name">Lennard Jones Length</Qualifier>
            </ParameterValue>
          </PropertyData>
          <PropertyData property="pr16">
            <Data format="string">-</Data>
            <Qualifier name="Localized Name">Lennard Jones Energy</Qualifier>
            <ParameterValue parameter="pa20" format="float">
              <Data>78.6</Data>
              <Qualifier name="Variable Type">Dependent</Qualifier>
              <Qualifier name="Localized Name">Lennard Jones Energy</Qualifier>
            </ParameterValue>
          </PropertyData>
          <PropertyData property="pr17">
            <Data format="string">-</Data>
            <Qualifier name="Localized Name">Thermal Accom Coefficient</Qualifier>
            <ParameterValue parameter="pa21" format="float">
              <Data>0.9137</Data>
              <Qualifier name="Variable Type">Dependent</Qualifier>
              <Qualifier name="Localized Name">Thermal Accom Coefficient</Qualifier>
            </ParameterValue>
          </PropertyData>
          <PropertyData property="pr19">
            <Data format="string">-</Data>
            <Qualifier name="Localized Name">Velocity Accom Coefficient</Qualifier>
            <ParameterValue parameter="pa22" format="float">
              <Data>0.9137</Data>
              <Qualifier name="Variable Type">Dependent</Qualifier>
              <Qualifier name="Localized Name">Velocity Accom Coefficient</Qualifier>
            </ParameterValue>
          </PropertyData>
          <PropertyData property="pr20">
            <Data format="string">-</Data>
            <Qualifier name="Localized Name">Formation Entropy</Qualifier>
            <ParameterValue parameter="pa24" format="float">
              <Data>194336</Data>
              <Qualifier name="Variable Type">Dependent</Qualifier>
              <Qualifier name="Localized Name">Formation Entropy</Qualifier>
            </ParameterValue>
          </PropertyData>
          <PropertyData property="pr21">
            <Data format="string">-</Data>
            <Qualifier name="Localized Name">Reference Temperature</Qualifier>
            <ParameterValue parameter="pa25" format="float">
              <Data>25</Data>
              <Qualifier name="Variable Type">Dependent</Qualifier>
              <Qualifier name="Localized Name">Reference Temperature</Qualifier>
            </ParameterValue>
          </PropertyData>
          <PropertyData property="pr7">
            <Data format="string">-</Data>
            <Qualifier name="Localized Name">Critical Pressure</Qualifier>
            <ParameterValue parameter="pa11" format="float">
              <Data>3758000</Data>
              <Qualifier name="Variable Type">Dependent</Qualifier>
              <Qualifier name="Localized Name">Critical Pressure</Qualifier>
            </ParameterValue>
          </PropertyData>
          <PropertyData property="pr8">
            <Data format="string">-</Data>
            <Qualifier name="Localized Name">Critical Temperature</Qualifier>
            <ParameterValue parameter="pa12" format="float">
              <Data>-140.85</Data>
              <Qualifier name="Variable Type">Dependent</Qualifier>
              <Qualifier name="Localized Name">Critical Temperature</Qualifier>
            </ParameterValue>
          </PropertyData>
          <PropertyData property="pr23">
            <Data format="string">-</Data>
            <Qualifier name="Localized Name">Acentric Factor</Qualifier>
            <ParameterValue parameter="pa26" format="float">
              <Data>0.033</Data>
              <Qualifier name="Variable Type">Dependent</Qualifier>
              <Qualifier name="Localized Name">Acentric Factor</Qualifier>
            </ParameterValue>
          </PropertyData>
          <PropertyData property="pr9">
            <Data format="string">-</Data>
            <Qualifier name="Localized Name">Critical Volume</Qualifier>
            <ParameterValue parameter="pa13" format="float">
              <Data>0.002857</Data>
              <Qualifier name="Variable Type">Dependent</Qualifier>
              <Qualifier name="Localized Name">Critical Volume</Qualifier>
            </ParameterValue>
          </PropertyData>
          <PropertyData property="pr25">
            <Data format="string">-</Data>
            <Qualifier name="Behavior">Isotropic</Qualifier>
            <Qualifier name="Localized Name">Isotropic Relative Permeability</Qualifier>
            <ParameterValue parameter="pa28" format="float">
              <Data>1</Data>
              <Qualifier name="Variable Type">Dependent</Qualifier>
              <Qualifier name="Localized Name">Relative Permeability</Qualifier>
            </ParameterValue>
          </PropertyData>
          <PropertyData property="pr10">
            <Data format="string">-</Data>
            <Qualifier name="Localized Name">Absorption Coefficient</Qualifier>
            <ParameterValue parameter="pa14" format="float">
              <Data>0</Data>
              <Qualifier name="Variable Type">Dependent</Qualifier>
              <Qualifier name="Localized Name">Absorption Coefficient</Qualifier>
            </ParameterValue>
          </PropertyData>
          <PropertyData property="pr26">
            <Data format="string">-</Data>
            <Qualifier name="BETA">Mechanical.ModalAcoustics</Qualifier>
            <Qualifier name="Field Variable Compatible">Temperature</Qualifier>
            <Qualifier name="Localized Name">Speed of Sound</Qualifier>
            <ParameterValue parameter="pa30" format="float">
              <Data>346.25</Data>
              <Qualifier name="Variable Type">Dependent</Qualifier>
              <Qualifier name="Localized Name">Speed of Sound</Qualifier>
            </ParameterValue>
          </PropertyData>
          <PropertyData property="pr3">
            <Data format="string">-</Data>
            <Qualifier name="guid">da161757-115e-4cf8-9a11-8c17dec51366</Qualifier>
            <Qualifier name="Localized Name">Material Unique Id</Qualifier>
            <Qualifier name="Display">False</Qualifier>
          </PropertyData>
          <PropertyData property="pr4">
            <Data format="string">-</Data>
            <Qualifier name="Localized Name">Color</Qualifier>
            <ParameterValue parameter="pa5" format="float">
              <Data>-1</Data>
              <Qualifier name="Variable Type">Dependent</Qualifier>
              <Qualifier name="Localized Name">Red</Qualifier>
            </ParameterValue>
            <ParameterValue parameter="pa6" format="float">
              <Data>-1</Data>
              <Qualifier name="Variable Type">Dependent</Qualifier>
              <Qualifier name="Localized Name">Green</Qualifier>
            </ParameterValue>
            <ParameterValue parameter="pa7" format="float">
              <Data>-1</Data>
              <Qualifier name="Variable Type">Dependent</Qualifier>
              <Qualifier name="Localized Name">Blue</Qualifier>
            </ParameterValue>
            <ParameterValue parameter="pa8" format="string">
              <Data>Appearance</Data>
            </ParameterValue>
          </PropertyData>
        </BulkDetails>
      </Material>
      <Material>
        <BulkDetails>
          <Name>Structural Steel 2</Name>
          <Description>Fatigue Data at zero mean stress comes from 1998 ASME BPV Code, Section 8, Div 2, Table 5-110.1</Description>
          <Class>
            <Name>Alloy</Name>
          </Class>
          <PropertyData property="pr4">
            <Data format="string">-</Data>
            <Qualifier name="Localized Name">Color</Qualifier>
            <ParameterValue parameter="pa5" format="float">
              <Data>132</Data>
              <Qualifier name="Variable Type">Dependent</Qualifier>
              <Qualifier name="Localized Name">Red</Qualifier>
            </ParameterValue>
            <ParameterValue parameter="pa6" format="float">
              <Data>139</Data>
              <Qualifier name="Variable Type">Dependent</Qualifier>
              <Qualifier name="Localized Name">Green</Qualifier>
            </ParameterValue>
            <ParameterValue parameter="pa7" format="float">
              <Data>179</Data>
              <Qualifier name="Variable Type">Dependent</Qualifier>
              <Qualifier name="Localized Name">Blue</Qualifier>
            </ParameterValue>
            <ParameterValue parameter="pa8" format="string">
              <Data>Appearance</Data>
            </ParameterValue>
          </PropertyData>
          <PropertyData property="pr12">
            <Data format="string">-</Data>
            <Qualifier name="Localized Name">Compressive Ultimate Strength</Qualifier>
            <ParameterValue parameter="pa15" format="float">
              <Data>0</Data>
              <Qualifier name="Variable Type">Dependent</Qualifier>
              <Qualifier name="Localized Name">Compressive Ultimate Strength</Qualifier>
            </ParameterValue>
          </PropertyData>
          <PropertyData property="pr13">
            <Data format="string">-</Data>
            <Qualifier name="Localized Name">Compressive Yield Strength</Qualifier>
            <ParameterValue parameter="pa17" format="float">
              <Data>250000000</Data>
              <Qualifier name="Variable Type">Dependent</Qualifier>
              <Qualifier name="Localized Name">Compressive Yield Strength</Qualifier>
            </ParameterValue>
          </PropertyData>
          <PropertyData property="pr1">
            <Data format="string">-</Data>
            <Qualifier name="Field Variable Compatible">Temperature</Qualifier>
            <Qualifier name="Localized Name">Density</Qualifier>
            <ParameterValue parameter="pa0" format="string">
              <Data>Interpolation Options</Data>
              <Qualifier name="AlgorithmType">Linear Multivariate (Qhull)</Qualifier>
              <Qualifier name="Normalized">True</Qualifier>
              <Qualifier name="Cached">True</Qualifier>
              <Qualifier name="ExtrapolationType">Projection to the Bounding Box</Qualifier>
              <Qualifier name="Localized Name">Interpolation Options</Qualifier>
            </ParameterValue>
            <ParameterValue parameter="pa3" format="float">
              <Data>7850</Data>
              <Qualifier name="Variable Type">Dependent</Qualifier>
              <Qualifier name="Localized Name">Density</Qualifier>
            </ParameterValue>
            <ParameterValue parameter="pa2" format="float">
              <Data>7.88860905221012e-31</Data>
              <Qualifier name="Variable Type">Independent</Qualifier>
              <Qualifier name="Localized Name">Temperature</Qualifier>
              <Qualifier name="Field Variable">Temperature</Qualifier>
              <Qualifier name="Default Data">22</Qualifier>
              <Qualifier name="Upper Limit">31.5</Qualifier>
              <Qualifier name="Lower Limit">10.5</Qualifier>
              <Qualifier name="Field Units">C</Qualifier>
            </ParameterValue>
          </PropertyData>
          <PropertyData property="pr18">
            <Data format="string">-</Data>
            <Qualifier name="Localized Name">Tensile Yield Strength</Qualifier>
            <ParameterValue parameter="pa23" format="float">
              <Data>250000000</Data>
              <Qualifier name="Variable Type">Dependent</Qualifier>
              <Qualifier name="Localized Name">Tensile Yield Strength</Qualifier>
            </ParameterValue>
          </PropertyData>
          <PropertyData property="pr22">
            <Data format="string">-</Data>
            <Qualifier name="Localized Name">Tensile Ultimate Strength</Qualifier>
            <ParameterValue parameter="pa27" format="float">
              <Data>460000000</Data>
              <Qualifier name="Variable Type">Dependent</Qualifier>
              <Qualifier name="Localized Name">Tensile Ultimate Strength</Qualifier>
            </ParameterValue>
          </PropertyData>
          <PropertyData property="pr24">
            <Data format="string">-</Data>
            <Qualifier name="Definition">Secant</Qualifier>
            <Qualifier name="Behavior">Isotropic</Qualifier>
            <Qualifier name="Field Variable Compatible">Temperature</Qualifier>
            <Qualifier name="Localized Name">Isotropic Secant Coefficient of Thermal Expansion</Qualifier>
            <ParameterValue parameter="pa0" format="string">
              <Data>Interpolation Options</Data>
              <Qualifier name="AlgorithmType">Linear Multivariate (Qhull)</Qualifier>
              <Qualifier name="Normalized">True</Qualifier>
              <Qualifier name="Cached">True</Qualifier>
              <Qualifier name="ExtrapolationType">Projection to the Bounding Box</Qualifier>
              <Qualifier name="Localized Name">Interpolation Options</Qualifier>
            </ParameterValue>
            <ParameterValue parameter="pa29" format="float">
              <Data>1.2e-05</Data>
              <Qualifier name="Variable Type">Dependent</Qualifier>
              <Qualifier name="Localized Name">Coefficient of Thermal Expansion</Qualifier>
            </ParameterValue>
            <ParameterValue parameter="pa2" format="float">
              <Data>7.88860905221012e-31</Data>
              <Qualifier name="Variable Type">Independent</Qualifier>
              <Qualifier name="Localized Name">Temperature</Qualifier>
              <Qualifier name="Field Variable">Temperature</Qualifier>
              <Qualifier name="Default Data">22</Qualifier>
              <Qualifier name="Upper Limit">31.5</Qualifier>
              <Qualifier name="Lower Limit">10.5</Qualifier>
              <Qualifier name="Field Units">C</Qualifier>
            </ParameterValue>
          </PropertyData>
          <PropertyData property="pr27">
            <Data format="string">-</Data>
            <Qualifier name="Definition">Secant</Qualifier>
            <Qualifier name="Behavior">Isotropic</Qualifier>
            <Qualifier name="Localized Name">Isotropic Zero-Thermal-Strain Reference Temperature Secant</Qualifier>
            <ParameterValue parameter="pa31" format="float">
              <Data>22</Data>
              <Qualifier name="Variable Type">Dependent</Qualifier>
              <Qualifier name="Localized Name">Zero-Thermal-Strain Reference Temperature</Qualifier>
            </ParameterValue>
            <ParameterValue parameter="pa8" format="string">
              <Data>Coefficient of Thermal Expansion</Data>
            </ParameterValue>
          </PropertyData>
          <PropertyData property="pr2">
            <Data format="string">-</Data>
            <Qualifier name="Definition">Constant Pressure</Qualifier>
            <Qualifier name="Field Variable Compatible">Temperature</Qualifier>
            <Qualifier name="Symbol">Cᵨ</Qualifier>
            <Qualifier name="Localized Name">Specific Heat Constant Pressure</Qualifier>
            <ParameterValue parameter="pa0" format="string">
              <Data>Interpolation Options</Data>
              <Qualifier name="AlgorithmType">Linear Multivariate (Qhull)</Qualifier>
              <Qualifier name="Normalized">True</Qualifier>
              <Qualifier name="Cached">True</Qualifier>
              <Qualifier name="ExtrapolationType">Projection to the Bounding Box</Qualifier>
              <Qualifier name="Localized Name">Interpolation Options</Qualifier>
            </ParameterValue>
            <ParameterValue parameter="pa4" format="float">
              <Data>434</Data>
              <Qualifier name="Variable Type">Dependent</Qualifier>
              <Qualifier name="Localized Name">Specific Heat</Qualifier>
            </ParameterValue>
            <ParameterValue parameter="pa2" format="float">
              <Data>7.88860905221012e-31</Data>
              <Qualifier name="Variable Type">Independent</Qualifier>
              <Qualifier name="Localized Name">Temperature</Qualifier>
              <Qualifier name="Field Variable">Temperature</Qualifier>
              <Qualifier name="Default Data">22</Qualifier>
              <Qualifier name="Upper Limit">31.5</Qualifier>
              <Qualifier name="Lower Limit">10.5</Qualifier>
              <Qualifier name="Field Units">C</Qualifier>
            </ParameterValue>
          </PropertyData>
          <PropertyData property="pr0">
            <Data format="string">-</Data>
            <Qualifier name="Behavior">Isotropic</Qualifier>
            <Qualifier name="Field Variable Compatible">Temperature</Qualifier>
            <Qualifier name="Localized Name">Isotropic Thermal Conductivity</Qualifier>
            <ParameterValue parameter="pa0" format="string">
              <Data>Interpolation Options</Data>
              <Qualifier name="AlgorithmType">Linear Multivariate (Qhull)</Qualifier>
              <Qualifier name="Normalized">True</Qualifier>
              <Qualifier name="Cached">True</Qualifier>
              <Qualifier name="ExtrapolationType">Projection to the Bounding Box</Qualifier>
              <Qualifier name="Localized Name">Interpolation Options</Qualifier>
            </ParameterValue>
            <ParameterValue parameter="pa1" format="float">
              <Data>60.5</Data>
              <Qualifier name="Variable Type">Dependent</Qualifier>
              <Qualifier name="Localized Name">Thermal Conductivity</Qualifier>
            </ParameterValue>
            <ParameterValue parameter="pa2" format="float">
              <Data>21</Data>
              <Qualifier name="Variable Type">Independent</Qualifier>
              <Qualifier name="Localized Name">Temperature</Qualifier>
              <Qualifier name="Field Variable">Temperature</Qualifier>
              <Qualifier name="Default Data">22</Qualifier>
              <Qualifier name="Upper Limit">31.5</Qualifier>
              <Qualifier name="Lower Limit">10.5</Qualifier>
              <Qualifier name="Field Units">C</Qualifier>
            </ParameterValue>
          </PropertyData>
          <PropertyData property="pr28">
            <Data format="string">-</Data>
            <Qualifier name="Interpolation">Log-Log</Qualifier>
            <Qualifier name="Field Variable Compatible">Mean Stress</Qualifier>
            <Qualifier name="Localized Name">S-N Curve</Qualifier>
            <ParameterValue parameter="pa32" format="float">
              <Data>3999000000,2827000000,1896000000,1413000000,1069000000,441000000,262000000,214000000,138000000,114000000,86200000</Data>
              <Qualifier name="Variable Type">Dependent,Dependent,Dependent,Dependent,Dependent,Dependent,Dependent,Dependent,Dependent,Dependent,Dependent</Qualifier>
              <Qualifier name="Localized Name">Alternating Stress</Qualifier>
            </ParameterValue>
            <ParameterValue parameter="pa33" format="float">
              <Data>10,20,50,100,200,2000,10000,20000,100000,200000,1000000</Data>
              <Qualifier name="Variable Type">Independent,Independent,Independent,Independent,Independent,Independent,Independent,Independent,Independent,Independent,Independent</Qualifier>
              <Qualifier name="Localized Name">Cycles</Qualifier>
            </ParameterValue>
            <ParameterValue parameter="pa34" format="float">
              <Data>0,0,0,0,0,0,0,0,0,0,0</Data>
              <Qualifier name="Variable Type">Independent,Independent,Independent,Independent,Independent,Independent,Independent,Independent,Independent,Independent,Independent</Qualifier>
              <Qualifier name="Localized Name">Mean Stress</Qualifier>
              <Qualifier name="Field Variable">Mean Stress</Qualifier>
              <Qualifier name="Default Data">0</Qualifier>
              <Qualifier name="Upper Limit">0.5</Qualifier>
              <Qualifier name="Lower Limit">-0.5</Qualifier>
              <Qualifier name="Field Units">Pa</Qualifier>
            </ParameterValue>
          </PropertyData>
          <PropertyData property="pr29">
            <Data format="string">-</Data>
            <Qualifier name="Display Curve Type">Strain-Life</Qualifier>
            <Qualifier name="Localized Name">Strain-Life Parameters</Qualifier>
            <ParameterValue parameter="pa35" format="float">
              <Data>920000000</Data>
              <Qualifier name="Variable Type">Dependent</Qualifier>
              <Qualifier name="Localized Name">Strength Coefficient</Qualifier>
            </ParameterValue>
            <ParameterValue parameter="pa36" format="float">
              <Data>-0.106</Data>
              <Qualifier name="Variable Type">Dependent</Qualifier>
              <Qualifier name="Localized Name">Strength Exponent</Qualifier>
            </ParameterValue>
            <ParameterValue parameter="pa37" format="float">
              <Data>0.213</Data>
              <Qualifier name="Variable Type">Dependent</Qualifier>
              <Qualifier name="Localized Name">Ductility Coefficient</Qualifier>
            </ParameterValue>
            <ParameterValue parameter="pa38" format="float">
              <Data>-0.47</Data>
              <Qualifier name="Variable Type">Dependent</Qualifier>
              <Qualifier name="Localized Name">Ductility Exponent</Qualifier>
            </ParameterValue>
            <ParameterValue parameter="pa39" format="float">
              <Data>1000000000</Data>
              <Qualifier name="Variable Type">Dependent</Qualifier>
              <Qualifier name="Localized Name">Cyclic Strength Coefficient</Qualifier>
            </ParameterValue>
            <ParameterValue parameter="pa40" format="float">
              <Data>0.2</Data>
              <Qualifier name="Variable Type">Dependent</Qualifier>
              <Qualifier name="Localized Name">Cyclic Strain Hardening Exponent</Qualifier>
            </ParameterValue>
          </PropertyData>
          <PropertyData property="pr30">
            <Data format="string">-</Data>
            <Qualifier name="Behavior">Isotropic</Qualifier>
            <Qualifier name="Localized Name">Isotropic Resistivity</Qualifier>
            <ParameterValue parameter="pa41" format="float">
              <Data>1.7e-07</Data>
              <Qualifier name="Variable Type">Dependent</Qualifier>
              <Qualifier name="Localized Name">Resistivity</Qualifier>
            </ParameterValue>
            <ParameterValue parameter="pa2" format="float">
              <Data>7.88860905221012e-31</Data>
              <Qualifier name="Variable Type">Independent</Qualifier>
              <Qualifier name="Localized Name">Temperature</Qualifier>
            </ParameterValue>
          </PropertyData>
          <PropertyData property="pr31">
            <Data format="string">-</Data>
            <Qualifier name="Behavior">Isotropic</Qualifier>
            <Qualifier name="Derive from">Young's Modulus and Poisson's Ratio</Qualifier>
            <Qualifier name="Field Variable Compatible">Temperature</Qualifier>
            <Qualifier name="Localized Name">Isotropic Elasticity</Qualifier>
            <ParameterValue parameter="pa0" format="string">
              <Data>Interpolation Options</Data>
              <Qualifier name="AlgorithmType">Linear Multivariate (Qhull)</Qualifier>
              <Qualifier name="Normalized">True</Qualifier>
              <Qualifier name="Cached">True</Qualifier>
              <Qualifier name="ExtrapolationType">Projection to the Bounding Box</Qualifier>
              <Qualifier name="Localized Name">Interpolation Options</Qualifier>
            </ParameterValue>
            <ParameterValue parameter="pa42" format="float">
              <Data>200000000000</Data>
              <Qualifier name="Variable Type">Dependent</Qualifier>
              <Qualifier name="Localized Name">Young's Modulus</Qualifier>
            </ParameterValue>
            <ParameterValue parameter="pa43" format="float">
              <Data>0.3</Data>
              <Qualifier name="Variable Type">Dependent</Qualifier>
              <Qualifier name="Localized Name">Poisson's Ratio</Qualifier>
            </ParameterValue>
            <ParameterValue parameter="pa44" format="float">
              <Data>166666666666.667</Data>
              <Qualifier name="Variable Type">Dependent</Qualifier>
              <Qualifier name="Localized Name">Bulk Modulus</Qualifier>
            </ParameterValue>
            <ParameterValue parameter="pa45" format="float">
              <Data>76923076923.0769</Data>
              <Qualifier name="Variable Type">Dependent</Qualifier>
              <Qualifier name="Localized Name">Shear Modulus</Qualifier>
            </ParameterValue>
            <ParameterValue parameter="pa2" format="float">
              <Data>7.88860905221012e-31</Data>
              <Qualifier name="Variable Type">Independent</Qualifier>
              <Qualifier name="Localized Name">Temperature</Qualifier>
              <Qualifier name="Field Variable">Temperature</Qualifier>
              <Qualifier name="Default Data">22</Qualifier>
              <Qualifier name="Upper Limit">31.5</Qualifier>
              <Qualifier name="Lower Limit">10.5</Qualifier>
              <Qualifier name="Field Units">C</Qualifier>
            </ParameterValue>
          </PropertyData>
          <PropertyData property="pr25">
            <Data format="string">-</Data>
            <Qualifier name="Behavior">Isotropic</Qualifier>
            <Qualifier name="Localized Name">Isotropic Relative Permeability</Qualifier>
            <ParameterValue parameter="pa28" format="float">
              <Data>10000</Data>
              <Qualifier name="Variable Type">Dependent</Qualifier>
              <Qualifier name="Localized Name">Relative Permeability</Qualifier>
            </ParameterValue>
          </PropertyData>
          <PropertyData property="pr3">
            <Data format="string">-</Data>
            <Qualifier name="guid">59002a79-71c2-428e-906b-55d7dbee100e</Qualifier>
            <Qualifier name="Localized Name">Material Unique Id</Qualifier>
            <Qualifier name="Display">False</Qualifier>
          </PropertyData>
          <PropertyData property="pr32">
            <Data format="string">-</Data>
            <Qualifier name="Temperature">Temperature:TEMP</Qualifier>
            <Qualifier name="Mean Stress">Mean Stress:</Qualifier>
            <Qualifier name="Localized Name">Field Variable</Qualifier>
          </PropertyData>
        </BulkDetails>
      </Material>
      <Metadata>
        <ParameterDetails id="pa0">
          <Name>Options Variable</Name>
          <Unitless />
        </ParameterDetails>
        <ParameterDetails id="pa1">
          <Name>Thermal Conductivity</Name>
          <Units name="Thermal Conductivity">
            <Unit>
              <Name>W</Name>
            </Unit>
            <Unit power="-1">
              <Name>m</Name>
            </Unit>
            <Unit power="-1">
              <Name>C</Name>
            </Unit>
          </Units>
        </ParameterDetails>
        <ParameterDetails id="pa2">
          <Name>Temperature</Name>
          <Units name="Temperature">
            <Unit>
              <Name>C</Name>
            </Unit>
          </Units>
        </ParameterDetails>
        <ParameterDetails id="pa3">
          <Name>Density</Name>
          <Units name="Density">
            <Unit>
              <Name>kg</Name>
            </Unit>
            <Unit power="-3">
              <Name>m</Name>
            </Unit>
          </Units>
        </ParameterDetails>
        <ParameterDetails id="pa4">
          <Name>Specific Heat</Name>
          <Units name="Specific Heat Capacity">
            <Unit>
              <Name>J</Name>
            </Unit>
            <Unit power="-1">
              <Name>kg</Name>
            </Unit>
            <Unit power="-1">
              <Name>C</Name>
            </Unit>
          </Units>
        </ParameterDetails>
        <ParameterDetails id="pa5">
          <Name>Red</Name>
          <Unitless />
        </ParameterDetails>
        <ParameterDetails id="pa6">
          <Name>Green</Name>
          <Unitless />
        </ParameterDetails>
        <ParameterDetails id="pa7">
          <Name>Blue</Name>
          <Unitless />
        </ParameterDetails>
        <ParameterDetails id="pa8">
          <Name>Material Property</Name>
          <Unitless />
        </ParameterDetails>
        <ParameterDetails id="pa9">
          <Name>Electric Conductivity</Name>
          <Units name="Electrical Conductivity">
            <Unit power="2">
              <Name>A</Name>
            </Unit>
            <Unit power="3">
              <Name>s</Name>
            </Unit>
            <Unit power="-1">
              <Name>kg</Name>
            </Unit>
            <Unit power="-3">
              <Name>m</Name>
            </Unit>
          </Units>
        </ParameterDetails>
        <ParameterDetails id="pa10">
          <Name>Magnetic Permeability</Name>
          <Units name="Magnetic Permeability">
            <Unit>
              <Name>kg</Name>
            </Unit>
            <Unit>
              <Name>m</Name>
            </Unit>
            <Unit power="-2">
              <Name>A</Name>
            </Unit>
            <Unit power="-2">
              <Name>s</Name>
            </Unit>
          </Units>
        </ParameterDetails>
        <ParameterDetails id="pa11">
          <Name>Critical Pressure</Name>
          <Units name="MAPDL Enthalpy">
            <Unit>
              <Name>J</Name>
            </Unit>
            <Unit power="-3">
              <Name>m</Name>
            </Unit>
          </Units>
        </ParameterDetails>
        <ParameterDetails id="pa12">
          <Name>Critical Temperature</Name>
          <Units name="Temperature">
            <Unit>
              <Name>C</Name>
            </Unit>
          </Units>
        </ParameterDetails>
        <ParameterDetails id="pa13">
          <Name>Critical Volume</Name>
          <Units name="Section Modulus">
            <Unit power="3">
              <Name>m</Name>
            </Unit>
          </Units>
        </ParameterDetails>
        <ParameterDetails id="pa14">
          <Name>Absorption Coefficient</Name>
          <Units name="Inverse Length">
            <Unit power="-1">
              <Name>m</Name>
            </Unit>
          </Units>
        </ParameterDetails>
        <ParameterDetails id="pa16">
          <Name>Viscosity</Name>
          <Units name="Dynamic Viscosity">
            <Unit>
              <Name>Pa</Name>
            </Unit>
            <Unit>
              <Name>s</Name>
            </Unit>
          </Units>
        </ParameterDetails>
        <ParameterDetails id="pa18">
          <Name>Molecular Weight</Name>
          <Units name="Molar Mass">
            <Unit>
              <Name>kg</Name>
            </Unit>
            <Unit power="-1">
              <Name>kmol</Name>
            </Unit>
          </Units>
        </ParameterDetails>
        <ParameterDetails id="pa19">
          <Name>Lennard Jones Length</Name>
          <Units name="Length">
            <Unit>
              <Name>m</Name>
            </Unit>
          </Units>
        </ParameterDetails>
        <ParameterDetails id="pa20">
          <Name>Lennard Jones Energy</Name>
          <Units name="Energy">
            <Unit>
              <Name>J</Name>
            </Unit>
          </Units>
        </ParameterDetails>
        <ParameterDetails id="pa21">
          <Name>Thermal Accom Coefficient</Name>
          <Unitless />
        </ParameterDetails>
        <ParameterDetails id="pa22">
          <Name>Velocity Accom Coefficient</Name>
          <Units name="Velocity">
            <Unit>
              <Name>m</Name>
            </Unit>
            <Unit power="-1">
              <Name>s</Name>
            </Unit>
          </Units>
        </ParameterDetails>
        <ParameterDetails id="pa24">
          <Name>Formation Entropy</Name>
          <Units name="Thermal Capacitance">
            <Unit>
              <Name>J</Name>
            </Unit>
            <Unit power="-1">
              <Name>C</Name>
            </Unit>
          </Units>
        </ParameterDetails>
        <ParameterDetails id="pa25">
          <Name>Reference Temperature</Name>
          <Units name="Temperature">
            <Unit>
              <Name>C</Name>
            </Unit>
          </Units>
        </ParameterDetails>
        <ParameterDetails id="pa26">
          <Name>Acentric Factor</Name>
          <Unitless />
        </ParameterDetails>
        <ParameterDetails id="pa28">
          <Name>Relative Permeability</Name>
          <Unitless />
        </ParameterDetails>
        <ParameterDetails id="pa30">
          <Name>Speed of Sound</Name>
          <Units name="Velocity">
            <Unit>
              <Name>m</Name>
            </Unit>
            <Unit power="-1">
              <Name>s</Name>
            </Unit>
          </Units>
        </ParameterDetails>
        <ParameterDetails id="pa15">
          <Name>Compressive Ultimate Strength</Name>
          <Units name="Stress">
            <Unit>
              <Name>Pa</Name>
            </Unit>
          </Units>
        </ParameterDetails>
        <ParameterDetails id="pa17">
          <Name>Compressive Yield Strength</Name>
          <Units name="Stress">
            <Unit>
              <Name>Pa</Name>
            </Unit>
          </Units>
        </ParameterDetails>
        <ParameterDetails id="pa23">
          <Name>Tensile Yield Strength</Name>
          <Units name="Stress">
            <Unit>
              <Name>Pa</Name>
            </Unit>
          </Units>
        </ParameterDetails>
        <ParameterDetails id="pa27">
          <Name>Tensile Ultimate Strength</Name>
          <Units name="Stress">
            <Unit>
              <Name>Pa</Name>
            </Unit>
          </Units>
        </ParameterDetails>
        <ParameterDetails id="pa29">
          <Name>Coefficient of Thermal Expansion</Name>
          <Units name="InvTemp1">
            <Unit power="-1">
              <Name>C</Name>
            </Unit>
          </Units>
        </ParameterDetails>
        <ParameterDetails id="pa31">
          <Name>Zero-Thermal-Strain Reference Temperature</Name>
          <Units name="Temperature">
            <Unit>
              <Name>C</Name>
            </Unit>
          </Units>
        </ParameterDetails>
        <ParameterDetails id="pa32">
          <Name>Alternating Stress</Name>
          <Units name="Stress">
            <Unit>
              <Name>Pa</Name>
            </Unit>
          </Units>
        </ParameterDetails>
        <ParameterDetails id="pa33">
          <Name>Cycles</Name>
          <Unitless />
        </ParameterDetails>
        <ParameterDetails id="pa34">
          <Name>Mean Stress</Name>
          <Units name="Stress">
            <Unit>
              <Name>Pa</Name>
            </Unit>
          </Units>
        </ParameterDetails>
        <ParameterDetails id="pa35">
          <Name>Strength Coefficient</Name>
          <Units name="Stress">
            <Unit>
              <Name>Pa</Name>
            </Unit>
          </Units>
        </ParameterDetails>
        <ParameterDetails id="pa36">
          <Name>Strength Exponent</Name>
          <Unitless />
        </ParameterDetails>
        <ParameterDetails id="pa37">
          <Name>Ductility Coefficient</Name>
          <Unitless />
        </ParameterDetails>
        <ParameterDetails id="pa38">
          <Name>Ductility Exponent</Name>
          <Unitless />
        </ParameterDetails>
        <ParameterDetails id="pa39">
          <Name>Cyclic Strength Coefficient</Name>
          <Units name="Stress">
            <Unit>
              <Name>Pa</Name>
            </Unit>
          </Units>
        </ParameterDetails>
        <ParameterDetails id="pa40">
          <Name>Cyclic Strain Hardening Exponent</Name>
          <Unitless />
        </ParameterDetails>
        <ParameterDetails id="pa41">
          <Name>Resistivity</Name>
          <Units name="Electrical Resistivity">
            <Unit>
              <Name>kg</Name>
            </Unit>
            <Unit power="3">
              <Name>m</Name>
            </Unit>
            <Unit power="-2">
              <Name>A</Name>
            </Unit>
            <Unit power="-3">
              <Name>s</Name>
            </Unit>
          </Units>
        </ParameterDetails>
        <ParameterDetails id="pa42">
          <Name>Young's Modulus</Name>
          <Units name="Stress">
            <Unit>
              <Name>Pa</Name>
            </Unit>
          </Units>
        </ParameterDetails>
        <ParameterDetails id="pa43">
          <Name>Poisson's Ratio</Name>
          <Unitless />
        </ParameterDetails>
        <ParameterDetails id="pa44">
          <Name>Bulk Modulus</Name>
          <Units name="Stress">
            <Unit>
              <Name>Pa</Name>
            </Unit>
          </Units>
        </ParameterDetails>
        <ParameterDetails id="pa45">
          <Name>Shear Modulus</Name>
          <Units name="Stress">
            <Unit>
              <Name>Pa</Name>
            </Unit>
          </Units>
        </ParameterDetails>
        <PropertyDetails id="pr0">
          <Unitless />
          <Name>Thermal Conductivity</Name>
        </PropertyDetails>
        <PropertyDetails id="pr1">
          <Unitless />
          <Name>Density</Name>
        </PropertyDetails>
        <PropertyDetails id="pr2">
          <Unitless />
          <Name>Specific Heat</Name>
        </PropertyDetails>
        <PropertyDetails id="pr3">
          <Unitless />
          <Name>Material Unique Id</Name>
        </PropertyDetails>
        <PropertyDetails id="pr4">
          <Unitless />
          <Name>Color</Name>
        </PropertyDetails>
        <PropertyDetails id="pr5">
          <Unitless />
          <Name>Electric Conductivity</Name>
        </PropertyDetails>
        <PropertyDetails id="pr6">
          <Unitless />
          <Name>Magnetic Permeability</Name>
        </PropertyDetails>
        <PropertyDetails id="pr7">
          <Unitless />
          <Name>Critical Pressure</Name>
        </PropertyDetails>
        <PropertyDetails id="pr8">
          <Unitless />
          <Name>Critical Temperature</Name>
        </PropertyDetails>
        <PropertyDetails id="pr9">
          <Unitless />
          <Name>Critical Volume</Name>
        </PropertyDetails>
        <PropertyDetails id="pr10">
          <Unitless />
          <Name>Absorption Coefficient</Name>
        </PropertyDetails>
        <PropertyDetails id="pr11">
          <Unitless />
          <Name>Viscosity</Name>
        </PropertyDetails>
        <PropertyDetails id="pr12">
          <Unitless />
          <Name>Compressive Ultimate Strength</Name>
        </PropertyDetails>
        <PropertyDetails id="pr13">
          <Unitless />
          <Name>Compressive Yield Strength</Name>
        </PropertyDetails>
        <PropertyDetails id="pr14">
          <Unitless />
          <Name>Molecular Weight</Name>
        </PropertyDetails>
        <PropertyDetails id="pr15">
          <Unitless />
          <Name>Lennard Jones Length</Name>
        </PropertyDetails>
        <PropertyDetails id="pr16">
          <Unitless />
          <Name>Lennard Jones Energy</Name>
        </PropertyDetails>
        <PropertyDetails id="pr17">
          <Unitless />
          <Name>Thermal Accom Coefficient</Name>
        </PropertyDetails>
        <PropertyDetails id="pr18">
          <Unitless />
          <Name>Tensile Yield Strength</Name>
        </PropertyDetails>
        <PropertyDetails id="pr19">
          <Unitless />
          <Name>Velocity Accom Coefficient</Name>
        </PropertyDetails>
        <PropertyDetails id="pr20">
          <Unitless />
          <Name>Formation Entropy</Name>
        </PropertyDetails>
        <PropertyDetails id="pr21">
          <Unitless />
          <Name>Reference Temperature</Name>
        </PropertyDetails>
        <PropertyDetails id="pr22">
          <Unitless />
          <Name>Tensile Ultimate Strength</Name>
        </PropertyDetails>
        <PropertyDetails id="pr23">
          <Unitless />
          <Name>Acentric Factor</Name>
        </PropertyDetails>
        <PropertyDetails id="pr24">
          <Unitless />
          <Name>Coefficient of Thermal Expansion</Name>
        </PropertyDetails>
        <PropertyDetails id="pr25">
          <Unitless />
          <Name>Relative Permeability</Name>
        </PropertyDetails>
        <PropertyDetails id="pr26">
          <Unitless />
          <Name>Speed of Sound</Name>
        </PropertyDetails>
        <PropertyDetails id="pr27">
          <Unitless />
          <Name>Zero-Thermal-Strain Reference Temperature</Name>
        </PropertyDetails>
        <PropertyDetails id="pr28">
          <Unitless />
          <Name>S-N Curve</Name>
        </PropertyDetails>
        <PropertyDetails id="pr29">
          <Unitless />
          <Name>Strain-Life Parameters</Name>
        </PropertyDetails>
        <PropertyDetails id="pr30">
          <Unitless />
          <Name>Resistivity</Name>
        </PropertyDetails>
        <PropertyDetails id="pr31">
          <Unitless />
          <Name>Elasticity</Name>
        </PropertyDetails>
        <PropertyDetails id="pr32">
          <Unitless />
          <Name>Field Variable</Name>
        </PropertyDetails>
      </Metadata>
    </MatML_Doc>
  </Materials>
  <ANSYSWBTransferData>
    <Materials>
      <Material>
        <Name>Mica</Name>
        <DataTransferID>8ffc389e-0c23-4fff-a3f8-3b37adb62a98</DataTransferID>
        <PreviousTransferIDs>8f7fcc0e-6652-4ba8-ba35-74720c6ddc95,,</PreviousTransferIDs>
      </Material>
      <Material>
        <Name>Nickel</Name>
        <DataTransferID>013f00f1-06cc-4c3e-9eb8-0d163644b731</DataTransferID>
        <PreviousTransferIDs>88132b72-e64b-4578-b7d4-c1057a97c795,,</PreviousTransferIDs>
      </Material>
      <Material>
        <Name>Air</Name>
        <DataTransferID>87f7f3c7-2c7c-465c-b3c3-95aeedc586d2</DataTransferID>
        <PreviousTransferIDs>da161757-115e-4cf8-9a11-8c17dec51366,,</PreviousTransferIDs>
      </Material>
      <Material>
        <Name>Structural Steel 2</Name>
        <DataTransferID>21589def-a0ce-40c3-975e-f06eeeedbc66</DataTransferID>
        <PreviousTransferIDs>59002a79-71c2-428e-906b-55d7dbee100e,,</PreviousTransferIDs>
      </Material>
    </Materials>
  </ANSYSWBTransferData>
</EngineeringData>