<?xml version="1.0" encoding="UTF-8"?>
<EngineeringData version="24.2.0.202" versiondate="2024-05-13 5:34:00 PM">
  <Notes>
  </Notes>
  <Materials>
    <MatML_Doc>
      <Material>
        <BulkDetails>
          <Name>Structural Steel</Name>
          <Description>Fatigue Data at zero mean stress comes from 1998 ASME BPV Code, Section 8, Div 2, Table 5-110.1</Description>
          <Class>
            <Name>Alloy</Name>
          </Class>
          <PropertyData property="pr0">
            <Data format="string">-</Data>
            <ParameterValue parameter="pa0" format="float">
              <Data>132</Data>
              <Qualifier name="Variable Type">Dependent</Qualifier>
              <Qualifier name="Offset">0</Qualifier>
              <Qualifier name="Scale">1</Qualifier>
              <Qualifier name="Units">
              </Qualifier>
            </ParameterValue>
            <ParameterValue parameter="pa1" format="float">
              <Data>139</Data>
              <Qualifier name="Variable Type">Dependent</Qualifier>
              <Qualifier name="Offset">0</Qualifier>
              <Qualifier name="Scale">1</Qualifier>
              <Qualifier name="Units">
              </Qualifier>
            </ParameterValue>
            <ParameterValue parameter="pa2" format="float">
              <Data>179</Data>
              <Qualifier name="Variable Type">Dependent</Qualifier>
              <Qualifier name="Offset">0</Qualifier>
              <Qualifier name="Scale">1</Qualifier>
              <Qualifier name="Units">
              </Qualifier>
            </ParameterValue>
            <ParameterValue parameter="pa3" format="string">
              <Data>Appearance</Data>
            </ParameterValue>
          </PropertyData>
          <PropertyData property="pr1">
            <Data format="string">-</Data>
            <ParameterValue parameter="pa4" format="float">
              <Data>0</Data>
              <Qualifier name="Variable Type">Dependent</Qualifier>
              <Qualifier name="Offset">0 [Pa]</Qualifier>
              <Qualifier name="Scale">1</Qualifier>
              <Qualifier name="Units">Pa</Qualifier>
            </ParameterValue>
          </PropertyData>
          <PropertyData property="pr2">
            <Data format="string">-</Data>
            <ParameterValue parameter="pa5" format="float">
              <Data>250000000</Data>
              <Qualifier name="Variable Type">Dependent</Qualifier>
              <Qualifier name="Offset">0 [Pa]</Qualifier>
              <Qualifier name="Scale">1</Qualifier>
              <Qualifier name="Units">Pa</Qualifier>
            </ParameterValue>
          </PropertyData>
          <PropertyData property="pr3">
            <Data format="string">-</Data>
            <Qualifier name="Field Variable Compatible">Temperature</Qualifier>
            <ParameterValue parameter="pa6" format="string">
              <Data>Interpolation Options</Data>
              <Qualifier name="AlgorithmType">Linear Multivariate (Qhull)</Qualifier>
              <Qualifier name="Normalized">True</Qualifier>
              <Qualifier name="Cached">True</Qualifier>
              <Qualifier name="ExtrapolationType">Projection to the Bounding Box</Qualifier>
            </ParameterValue>
            <ParameterValue parameter="pa7" format="float">
              <Data>7850</Data>
              <Qualifier name="Variable Type">Dependent</Qualifier>
              <Qualifier name="Offset">0 [kg m^-3]</Qualifier>
              <Qualifier name="Scale">1</Qualifier>
              <Qualifier name="Units">kg m^-3</Qualifier>
            </ParameterValue>
            <ParameterValue parameter="pa8" format="float">
              <Data>7.88860905221012e-31</Data>
              <Qualifier name="Variable Type">Independent</Qualifier>
              <Qualifier name="Offset">0 [C]</Qualifier>
              <Qualifier name="Scale">1</Qualifier>
              <Qualifier name="Units">C</Qualifier>
              <Qualifier name="Field Variable">Temperature</Qualifier>
              <Qualifier name="Default Data">22</Qualifier>
              <Qualifier name="Field Units">C</Qualifier>
              <Qualifier name="Upper Limit">Program Controlled</Qualifier>
              <Qualifier name="Lower Limit">Program Controlled</Qualifier>
            </ParameterValue>
          </PropertyData>
          <PropertyData property="pr5">
            <Data format="string">-</Data>
            <ParameterValue parameter="pa10" format="float">
              <Data>250000000</Data>
              <Qualifier name="Variable Type">Dependent</Qualifier>
              <Qualifier name="Offset">0 [Pa]</Qualifier>
              <Qualifier name="Scale">1</Qualifier>
              <Qualifier name="Units">Pa</Qualifier>
            </ParameterValue>
          </PropertyData>
          <PropertyData property="pr6">
            <Data format="string">-</Data>
            <ParameterValue parameter="pa11" format="float">
              <Data>460000000</Data>
              <Qualifier name="Variable Type">Dependent</Qualifier>
              <Qualifier name="Offset">0 [Pa]</Qualifier>
              <Qualifier name="Scale">1</Qualifier>
              <Qualifier name="Units">Pa</Qualifier>
            </ParameterValue>
          </PropertyData>
          <PropertyData property="pr7">
            <Data format="string">-</Data>
            <Qualifier name="Definition">Secant</Qualifier>
            <Qualifier name="Behavior">Isotropic</Qualifier>
            <Qualifier name="Field Variable Compatible">Temperature</Qualifier>
            <ParameterValue parameter="pa6" format="string">
              <Data>Interpolation Options</Data>
              <Qualifier name="AlgorithmType">Linear Multivariate (Qhull)</Qualifier>
              <Qualifier name="Normalized">True</Qualifier>
              <Qualifier name="Cached">True</Qualifier>
              <Qualifier name="ExtrapolationType">Projection to the Bounding Box</Qualifier>
            </ParameterValue>
            <ParameterValue parameter="pa12" format="float">
              <Data>1.2e-05</Data>
              <Qualifier name="Variable Type">Dependent</Qualifier>
              <Qualifier name="Offset">0 [C^-1]</Qualifier>
              <Qualifier name="Scale">1</Qualifier>
              <Qualifier name="Units">C^-1</Qualifier>
            </ParameterValue>
            <ParameterValue parameter="pa8" format="float">
              <Data>7.88860905221012e-31</Data>
              <Qualifier name="Variable Type">Independent</Qualifier>
              <Qualifier name="Offset">0 [C]</Qualifier>
              <Qualifier name="Scale">1</Qualifier>
              <Qualifier name="Units">C</Qualifier>
              <Qualifier name="Field Variable">Temperature</Qualifier>
              <Qualifier name="Default Data">22</Qualifier>
              <Qualifier name="Field Units">C</Qualifier>
              <Qualifier name="Upper Limit">Program Controlled</Qualifier>
              <Qualifier name="Lower Limit">Program Controlled</Qualifier>
            </ParameterValue>
          </PropertyData>
          <PropertyData property="pr9">
            <Data format="string">-</Data>
            <Qualifier name="Definition">Secant</Qualifier>
            <Qualifier name="Behavior">Isotropic</Qualifier>
            <ParameterValue parameter="pa13" format="float">
              <Data>22</Data>
              <Qualifier name="Variable Type">Dependent</Qualifier>
              <Qualifier name="Offset">0 [C]</Qualifier>
              <Qualifier name="Scale">1</Qualifier>
              <Qualifier name="Units">C</Qualifier>
            </ParameterValue>
            <ParameterValue parameter="pa3" format="string">
              <Data>Coefficient of Thermal Expansion</Data>
            </ParameterValue>
          </PropertyData>
          <PropertyData property="pr8">
            <Data format="string">-</Data>
            <Qualifier name="Definition">Constant Pressure</Qualifier>
            <Qualifier name="Field Variable Compatible">Temperature</Qualifier>
            <Qualifier name="Symbol">Cᵨ</Qualifier>
            <ParameterValue parameter="pa6" format="string">
              <Data>Interpolation Options</Data>
              <Qualifier name="AlgorithmType">Linear Multivariate (Qhull)</Qualifier>
              <Qualifier name="Normalized">True</Qualifier>
              <Qualifier name="Cached">True</Qualifier>
              <Qualifier name="ExtrapolationType">Projection to the Bounding Box</Qualifier>
            </ParameterValue>
            <ParameterValue parameter="pa14" format="float">
              <Data>434</Data>
              <Qualifier name="Variable Type">Dependent</Qualifier>
              <Qualifier name="Offset">0 [J kg^-1 C^-1]</Qualifier>
              <Qualifier name="Scale">1</Qualifier>
              <Qualifier name="Units">J kg^-1 C^-1</Qualifier>
            </ParameterValue>
            <ParameterValue parameter="pa8" format="float">
              <Data>7.88860905221012e-31</Data>
              <Qualifier name="Variable Type">Independent</Qualifier>
              <Qualifier name="Offset">0 [C]</Qualifier>
              <Qualifier name="Scale">1</Qualifier>
              <Qualifier name="Units">C</Qualifier>
              <Qualifier name="Field Variable">Temperature</Qualifier>
              <Qualifier name="Default Data">22</Qualifier>
              <Qualifier name="Field Units">C</Qualifier>
              <Qualifier name="Upper Limit">Program Controlled</Qualifier>
              <Qualifier name="Lower Limit">Program Controlled</Qualifier>
            </ParameterValue>
          </PropertyData>
          <PropertyData property="pr4">
            <Data format="string">-</Data>
            <Qualifier name="Behavior">Isotropic</Qualifier>
            <Qualifier name="Field Variable Compatible">Temperature</Qualifier>
            <ParameterValue parameter="pa6" format="string">
              <Data>Interpolation Options</Data>
              <Qualifier name="AlgorithmType">Linear Multivariate (Qhull)</Qualifier>
              <Qualifier name="Normalized">True</Qualifier>
              <Qualifier name="Cached">True</Qualifier>
              <Qualifier name="ExtrapolationType">Projection to the Bounding Box</Qualifier>
            </ParameterValue>
            <ParameterValue parameter="pa9" format="float">
              <Data>60.5</Data>
              <Qualifier name="Variable Type">Dependent</Qualifier>
              <Qualifier name="Offset">0 [W m^-1 C^-1]</Qualifier>
              <Qualifier name="Scale">1</Qualifier>
              <Qualifier name="Units">W m^-1 C^-1</Qualifier>
            </ParameterValue>
            <ParameterValue parameter="pa8" format="float">
              <Data>21</Data>
              <Qualifier name="Variable Type">Independent</Qualifier>
              <Qualifier name="Offset">0 [C]</Qualifier>
              <Qualifier name="Scale">1</Qualifier>
              <Qualifier name="Units">C</Qualifier>
              <Qualifier name="Field Variable">Temperature</Qualifier>
              <Qualifier name="Default Data">22</Qualifier>
              <Qualifier name="Field Units">C</Qualifier>
              <Qualifier name="Upper Limit">Program Controlled</Qualifier>
              <Qualifier name="Lower Limit">Program Controlled</Qualifier>
            </ParameterValue>
          </PropertyData>
          <PropertyData property="pr12">
            <Data format="string">-</Data>
            <Qualifier name="Interpolation">Log-Log</Qualifier>
            <Qualifier name="Field Variable Compatible">Mean Stress</Qualifier>
            <ParameterValue parameter="pa17" format="float">
              <Data>3999000000,2827000000,1896000000,1413000000,1069000000,441000000,262000000,214000000,138000000,114000000,86200000</Data>
              <Qualifier name="Variable Type">Dependent,Dependent,Dependent,Dependent,Dependent,Dependent,Dependent,Dependent,Dependent,Dependent,Dependent</Qualifier>
              <Qualifier name="Offset">0 [Pa],0 [Pa],0 [Pa],0 [Pa],0 [Pa],0 [Pa],0 [Pa],0 [Pa],0 [Pa],0 [Pa],0 [Pa]</Qualifier>
              <Qualifier name="Scale">1,1,1,1,1,1,1,1,1,1,1</Qualifier>
              <Qualifier name="Units">Pa,Pa,Pa,Pa,Pa,Pa,Pa,Pa,Pa,Pa,Pa</Qualifier>
            </ParameterValue>
            <ParameterValue parameter="pa22" format="float">
              <Data>10,20,50,100,200,2000,10000,20000,100000,200000,1000000</Data>
              <Qualifier name="Variable Type">Independent,Independent,Independent,Independent,Independent,Independent,Independent,Independent,Independent,Independent,Independent</Qualifier>
              <Qualifier name="Offset">0,0,0,0,0,0,0,0,0,0,0</Qualifier>
              <Qualifier name="Scale">1,1,1,1,1,1,1,1,1,1,1</Qualifier>
              <Qualifier name="Units">,,,,,,,,,,</Qualifier>
            </ParameterValue>
            <ParameterValue parameter="pa25" format="float">
              <Data>0,0,0,0,0,0,0,0,0,0,0</Data>
              <Qualifier name="Variable Type">Independent,Independent,Independent,Independent,Independent,Independent,Independent,Independent,Independent,Independent,Independent</Qualifier>
              <Qualifier name="Offset">0 [Pa],0 [Pa],0 [Pa],0 [Pa],0 [Pa],0 [Pa],0 [Pa],0 [Pa],0 [Pa],0 [Pa],0 [Pa]</Qualifier>
              <Qualifier name="Scale">1,1,1,1,1,1,1,1,1,1,1</Qualifier>
              <Qualifier name="Units">Pa,Pa,Pa,Pa,Pa,Pa,Pa,Pa,Pa,Pa,Pa</Qualifier>
              <Qualifier name="Field Variable">Mean Stress</Qualifier>
              <Qualifier name="Default Data">0</Qualifier>
              <Qualifier name="Field Units">Pa</Qualifier>
              <Qualifier name="Upper Limit">Program Controlled</Qualifier>
              <Qualifier name="Lower Limit">Program Controlled</Qualifier>
            </ParameterValue>
          </PropertyData>
          <PropertyData property="pr25">
            <Data format="string">-</Data>
            <Qualifier name="Display Curve Type">Strain-Life</Qualifier>
            <ParameterValue parameter="pa31" format="float">
              <Data>920000000</Data>
              <Qualifier name="Variable Type">Dependent</Qualifier>
              <Qualifier name="Offset">0 [Pa]</Qualifier>
              <Qualifier name="Scale">1</Qualifier>
              <Qualifier name="Units">Pa</Qualifier>
            </ParameterValue>
            <ParameterValue parameter="pa32" format="float">
              <Data>-0.106</Data>
              <Qualifier name="Variable Type">Dependent</Qualifier>
              <Qualifier name="Offset">0</Qualifier>
              <Qualifier name="Scale">1</Qualifier>
              <Qualifier name="Units">
              </Qualifier>
            </ParameterValue>
            <ParameterValue parameter="pa33" format="float">
              <Data>0.213</Data>
              <Qualifier name="Variable Type">Dependent</Qualifier>
              <Qualifier name="Offset">0</Qualifier>
              <Qualifier name="Scale">1</Qualifier>
              <Qualifier name="Units">
              </Qualifier>
            </ParameterValue>
            <ParameterValue parameter="pa34" format="float">
              <Data>-0.47</Data>
              <Qualifier name="Variable Type">Dependent</Qualifier>
              <Qualifier name="Offset">0</Qualifier>
              <Qualifier name="Scale">1</Qualifier>
              <Qualifier name="Units">
              </Qualifier>
            </ParameterValue>
            <ParameterValue parameter="pa35" format="float">
              <Data>1000000000</Data>
              <Qualifier name="Variable Type">Dependent</Qualifier>
              <Qualifier name="Offset">0 [Pa]</Qualifier>
              <Qualifier name="Scale">1</Qualifier>
              <Qualifier name="Units">Pa</Qualifier>
            </ParameterValue>
            <ParameterValue parameter="pa36" format="float">
              <Data>0.2</Data>
              <Qualifier name="Variable Type">Dependent</Qualifier>
              <Qualifier name="Offset">0</Qualifier>
              <Qualifier name="Scale">1</Qualifier>
              <Qualifier name="Units">
              </Qualifier>
            </ParameterValue>
          </PropertyData>
          <PropertyData property="pr26">
            <Data format="string">-</Data>
            <Qualifier name="Behavior">Isotropic</Qualifier>
            <ParameterValue parameter="pa37" format="float">
              <Data>1.7e-07</Data>
              <Qualifier name="Variable Type">Dependent</Qualifier>
              <Qualifier name="Offset">0 [ohm m]</Qualifier>
              <Qualifier name="Scale">1</Qualifier>
              <Qualifier name="Units">ohm m</Qualifier>
            </ParameterValue>
            <ParameterValue parameter="pa8" format="float">
              <Data>7.88860905221012e-31</Data>
              <Qualifier name="Variable Type">Independent</Qualifier>
              <Qualifier name="Offset">0 [C]</Qualifier>
              <Qualifier name="Scale">1</Qualifier>
              <Qualifier name="Units">C</Qualifier>
            </ParameterValue>
          </PropertyData>
          <PropertyData property="pr27">
            <Data format="string">-</Data>
            <Qualifier name="Behavior">Isotropic</Qualifier>
            <Qualifier name="Derive from">Young's Modulus and Poisson's Ratio</Qualifier>
            <Qualifier name="Field Variable Compatible">Temperature</Qualifier>
            <ParameterValue parameter="pa6" format="string">
              <Data>Interpolation Options</Data>
              <Qualifier name="AlgorithmType">Linear Multivariate (Qhull)</Qualifier>
              <Qualifier name="Normalized">True</Qualifier>
              <Qualifier name="Cached">True</Qualifier>
              <Qualifier name="ExtrapolationType">Projection to the Bounding Box</Qualifier>
            </ParameterValue>
            <ParameterValue parameter="pa38" format="float">
              <Data>200000000000</Data>
              <Qualifier name="Variable Type">Dependent</Qualifier>
              <Qualifier name="Offset">0 [Pa]</Qualifier>
              <Qualifier name="Scale">1</Qualifier>
              <Qualifier name="Units">Pa</Qualifier>
            </ParameterValue>
            <ParameterValue parameter="pa39" format="float">
              <Data>0.3</Data>
              <Qualifier name="Variable Type">Dependent</Qualifier>
              <Qualifier name="Offset">0</Qualifier>
              <Qualifier name="Scale">1</Qualifier>
              <Qualifier name="Units">
              </Qualifier>
            </ParameterValue>
            <ParameterValue parameter="pa40" format="float">
              <Data>166666666666.667</Data>
              <Qualifier name="Variable Type">Dependent</Qualifier>
              <Qualifier name="Offset">0 [Pa]</Qualifier>
              <Qualifier name="Scale">1</Qualifier>
              <Qualifier name="Units">Pa</Qualifier>
            </ParameterValue>
            <ParameterValue parameter="pa41" format="float">
              <Data>76923076923.0769</Data>
              <Qualifier name="Variable Type">Dependent</Qualifier>
              <Qualifier name="Offset">0 [Pa]</Qualifier>
              <Qualifier name="Scale">1</Qualifier>
              <Qualifier name="Units">Pa</Qualifier>
            </ParameterValue>
            <ParameterValue parameter="pa8" format="float">
              <Data>7.88860905221012e-31</Data>
              <Qualifier name="Variable Type">Independent</Qualifier>
              <Qualifier name="Offset">0 [C]</Qualifier>
              <Qualifier name="Scale">1</Qualifier>
              <Qualifier name="Units">C</Qualifier>
              <Qualifier name="Field Variable">Temperature</Qualifier>
              <Qualifier name="Default Data">22</Qualifier>
              <Qualifier name="Field Units">C</Qualifier>
              <Qualifier name="Upper Limit">Program Controlled</Qualifier>
              <Qualifier name="Lower Limit">Program Controlled</Qualifier>
            </ParameterValue>
          </PropertyData>
          <PropertyData property="pr30">
            <Data format="string">-</Data>
            <Qualifier name="Behavior">Isotropic</Qualifier>
            <ParameterValue parameter="pa44" format="float">
              <Data>10000</Data>
              <Qualifier name="Variable Type">Dependent</Qualifier>
              <Qualifier name="Offset">0</Qualifier>
              <Qualifier name="Scale">1</Qualifier>
              <Qualifier name="Units">
              </Qualifier>
            </ParameterValue>
          </PropertyData>
          <PropertyData property="pr17">
            <Data format="string">-</Data>
            <Qualifier name="guid">59002a79-71c2-428e-906b-55d7dbee100e</Qualifier>
            <Qualifier name="Display">False</Qualifier>
          </PropertyData>
        </BulkDetails>
      </Material>
      <Material>
        <Glossary>
          <Term>
            <Name>Mica</Name>
            <Synonym>mica</Synonym>
          </Term>
        </Glossary>
        <BulkDetails>
          <Name>Mica</Name>
          <Class>
            <Name>Mineral</Name>
          </Class>
          <PropertyData property="pr4">
            <Data format="string">-</Data>
            <Qualifier name="Behavior">Isotropic</Qualifier>
            <Qualifier name="Field Variable Compatible">Temperature</Qualifier>
            <ParameterValue parameter="pa6" format="string">
              <Data>Interpolation Options</Data>
              <Qualifier name="AlgorithmType">Linear Multivariate (Qhull)</Qualifier>
              <Qualifier name="Normalized">True</Qualifier>
              <Qualifier name="Cached">True</Qualifier>
              <Qualifier name="ExtrapolationType">Projection to the Bounding Box</Qualifier>
            </ParameterValue>
            <ParameterValue parameter="pa9" format="float">
              <Data>0.34</Data>
              <Qualifier name="Variable Type">Dependent</Qualifier>
              <Qualifier name="Offset">0 [W m^-1 C^-1]</Qualifier>
              <Qualifier name="Scale">1</Qualifier>
              <Qualifier name="Units">W m^-1 C^-1</Qualifier>
            </ParameterValue>
            <ParameterValue parameter="pa8" format="float">
              <Data>7.88860905221012e-31</Data>
              <Qualifier name="Variable Type">Independent</Qualifier>
              <Qualifier name="Offset">0 [C]</Qualifier>
              <Qualifier name="Scale">1</Qualifier>
              <Qualifier name="Units">C</Qualifier>
              <Qualifier name="Field Variable">Temperature</Qualifier>
              <Qualifier name="Default Data">22</Qualifier>
              <Qualifier name="Field Units">C</Qualifier>
              <Qualifier name="Upper Limit">Program Controlled</Qualifier>
              <Qualifier name="Lower Limit">Program Controlled</Qualifier>
            </ParameterValue>
          </PropertyData>
          <PropertyData property="pr3">
            <Data format="string">-</Data>
            <Qualifier name="Field Variable Compatible">Temperature</Qualifier>
            <ParameterValue parameter="pa6" format="string">
              <Data>Interpolation Options</Data>
              <Qualifier name="AlgorithmType">Linear Multivariate (Qhull)</Qualifier>
              <Qualifier name="Normalized">True</Qualifier>
              <Qualifier name="Cached">True</Qualifier>
              <Qualifier name="ExtrapolationType">Projection to the Bounding Box</Qualifier>
            </ParameterValue>
            <ParameterValue parameter="pa7" format="float">
              <Data>2500</Data>
              <Qualifier name="Variable Type">Dependent</Qualifier>
              <Qualifier name="Offset">0 [kg m^-3]</Qualifier>
              <Qualifier name="Scale">1</Qualifier>
              <Qualifier name="Units">kg m^-3</Qualifier>
            </ParameterValue>
            <ParameterValue parameter="pa8" format="float">
              <Data>7.88860905221012e-31</Data>
              <Qualifier name="Variable Type">Independent</Qualifier>
              <Qualifier name="Offset">0 [C]</Qualifier>
              <Qualifier name="Scale">1</Qualifier>
              <Qualifier name="Units">C</Qualifier>
              <Qualifier name="Field Variable">Temperature</Qualifier>
              <Qualifier name="Default Data">22</Qualifier>
              <Qualifier name="Field Units">C</Qualifier>
              <Qualifier name="Upper Limit">Program Controlled</Qualifier>
              <Qualifier name="Lower Limit">Program Controlled</Qualifier>
            </ParameterValue>
          </PropertyData>
          <PropertyData property="pr8">
            <Data format="string">-</Data>
            <Qualifier name="Definition">Constant Pressure</Qualifier>
            <Qualifier name="Field Variable Compatible">Temperature</Qualifier>
            <Qualifier name="Symbol">Cᵨ</Qualifier>
            <ParameterValue parameter="pa6" format="string">
              <Data>Interpolation Options</Data>
              <Qualifier name="AlgorithmType">Linear Multivariate (Qhull)</Qualifier>
              <Qualifier name="Normalized">True</Qualifier>
              <Qualifier name="Cached">True</Qualifier>
              <Qualifier name="ExtrapolationType">Projection to the Bounding Box</Qualifier>
            </ParameterValue>
            <ParameterValue parameter="pa14" format="float">
              <Data>500</Data>
              <Qualifier name="Variable Type">Dependent</Qualifier>
              <Qualifier name="Offset">0 [J kg^-1 C^-1]</Qualifier>
              <Qualifier name="Scale">1</Qualifier>
              <Qualifier name="Units">J kg^-1 C^-1</Qualifier>
            </ParameterValue>
            <ParameterValue parameter="pa8" format="float">
              <Data>7.88860905221012e-31</Data>
              <Qualifier name="Variable Type">Independent</Qualifier>
              <Qualifier name="Offset">0 [C]</Qualifier>
              <Qualifier name="Scale">1</Qualifier>
              <Qualifier name="Units">C</Qualifier>
              <Qualifier name="Field Variable">Temperature</Qualifier>
              <Qualifier name="Default Data">22</Qualifier>
              <Qualifier name="Field Units">C</Qualifier>
              <Qualifier name="Upper Limit">Program Controlled</Qualifier>
              <Qualifier name="Lower Limit">Program Controlled</Qualifier>
            </ParameterValue>
          </PropertyData>
          <PropertyData property="pr17">
            <Data format="string">-</Data>
            <Qualifier name="guid">8f7fcc0e-6652-4ba8-ba35-74720c6ddc95</Qualifier>
            <Qualifier name="Display">False</Qualifier>
          </PropertyData>
          <PropertyData property="pr0">
            <Data format="string">-</Data>
            <ParameterValue parameter="pa0" format="float">
              <Data>222</Data>
              <Qualifier name="Variable Type">Dependent</Qualifier>
              <Qualifier name="Offset">0</Qualifier>
              <Qualifier name="Scale">1</Qualifier>
              <Qualifier name="Units">
              </Qualifier>
            </ParameterValue>
            <ParameterValue parameter="pa1" format="float">
              <Data>222</Data>
              <Qualifier name="Variable Type">Dependent</Qualifier>
              <Qualifier name="Offset">0</Qualifier>
              <Qualifier name="Scale">1</Qualifier>
              <Qualifier name="Units">
              </Qualifier>
            </ParameterValue>
            <ParameterValue parameter="pa2" format="float">
              <Data>222</Data>
              <Qualifier name="Variable Type">Dependent</Qualifier>
              <Qualifier name="Offset">0</Qualifier>
              <Qualifier name="Scale">1</Qualifier>
              <Qualifier name="Units">
              </Qualifier>
            </ParameterValue>
            <ParameterValue parameter="pa3" format="string">
              <Data>Appearance</Data>
            </ParameterValue>
          </PropertyData>
        </BulkDetails>
      </Material>
      <Material>
        <BulkDetails>
          <Name>Air</Name>
          <Class>
            <Name>Gas</Name>
          </Class>
          <PropertyData property="pr3">
            <Data format="string">-</Data>
            <Qualifier name="Field Variable Compatible">Temperature</Qualifier>
            <ParameterValue parameter="pa6" format="string">
              <Data>Interpolation Options</Data>
              <Qualifier name="AlgorithmType">Linear Multivariate (Qhull)</Qualifier>
              <Qualifier name="Normalized">True</Qualifier>
              <Qualifier name="Cached">True</Qualifier>
              <Qualifier name="ExtrapolationType">Projection to the Bounding Box</Qualifier>
            </ParameterValue>
            <ParameterValue parameter="pa7" format="float">
              <Data>1.225</Data>
              <Qualifier name="Variable Type">Dependent</Qualifier>
              <Qualifier name="Offset">0 [kg m^-3]</Qualifier>
              <Qualifier name="Scale">1</Qualifier>
              <Qualifier name="Units">kg m^-3</Qualifier>
            </ParameterValue>
            <ParameterValue parameter="pa8" format="float">
              <Data>7.88860905221012e-31</Data>
              <Qualifier name="Variable Type">Independent</Qualifier>
              <Qualifier name="Offset">0 [C]</Qualifier>
              <Qualifier name="Scale">1</Qualifier>
              <Qualifier name="Units">C</Qualifier>
              <Qualifier name="Field Variable">Temperature</Qualifier>
              <Qualifier name="Default Data">22</Qualifier>
              <Qualifier name="Field Units">C</Qualifier>
              <Qualifier name="Upper Limit">Program Controlled</Qualifier>
              <Qualifier name="Lower Limit">Program Controlled</Qualifier>
            </ParameterValue>
          </PropertyData>
          <PropertyData property="pr8">
            <Data format="string">-</Data>
            <Qualifier name="Definition">Constant Pressure</Qualifier>
            <Qualifier name="Field Variable Compatible">Temperature</Qualifier>
            <Qualifier name="Symbol">Cᵨ</Qualifier>
            <ParameterValue parameter="pa6" format="string">
              <Data>Interpolation Options</Data>
              <Qualifier name="AlgorithmType">Linear Multivariate (Qhull)</Qualifier>
              <Qualifier name="Normalized">True</Qualifier>
              <Qualifier name="Cached">True</Qualifier>
              <Qualifier name="ExtrapolationType">Projection to the Bounding Box</Qualifier>
            </ParameterValue>
            <ParameterValue parameter="pa14" format="float">
              <Data>1006.43</Data>
              <Qualifier name="Variable Type">Dependent</Qualifier>
              <Qualifier name="Offset">0 [J kg^-1 C^-1]</Qualifier>
              <Qualifier name="Scale">1</Qualifier>
              <Qualifier name="Units">J kg^-1 C^-1</Qualifier>
            </ParameterValue>
            <ParameterValue parameter="pa8" format="float">
              <Data>7.88860905221012e-31</Data>
              <Qualifier name="Variable Type">Independent</Qualifier>
              <Qualifier name="Offset">0 [C]</Qualifier>
              <Qualifier name="Scale">1</Qualifier>
              <Qualifier name="Units">C</Qualifier>
              <Qualifier name="Field Variable">Temperature</Qualifier>
              <Qualifier name="Default Data">22</Qualifier>
              <Qualifier name="Field Units">C</Qualifier>
              <Qualifier name="Upper Limit">Program Controlled</Qualifier>
              <Qualifier name="Lower Limit">Program Controlled</Qualifier>
            </ParameterValue>
          </PropertyData>
          <PropertyData property="pr4">
            <Data format="string">-</Data>
            <Qualifier name="Behavior">Isotropic</Qualifier>
            <Qualifier name="Field Variable Compatible">Temperature</Qualifier>
            <ParameterValue parameter="pa6" format="string">
              <Data>Interpolation Options</Data>
              <Qualifier name="AlgorithmType">Linear Multivariate (Qhull)</Qualifier>
              <Qualifier name="Normalized">True</Qualifier>
              <Qualifier name="Cached">True</Qualifier>
              <Qualifier name="ExtrapolationType">Projection to the Bounding Box</Qualifier>
            </ParameterValue>
            <ParameterValue parameter="pa9" format="float">
              <Data>0.0242</Data>
              <Qualifier name="Variable Type">Dependent</Qualifier>
              <Qualifier name="Offset">0 [W m^-1 C^-1]</Qualifier>
              <Qualifier name="Scale">1</Qualifier>
              <Qualifier name="Units">W m^-1 C^-1</Qualifier>
            </ParameterValue>
            <ParameterValue parameter="pa8" format="float">
              <Data>7.88860905221012e-31</Data>
              <Qualifier name="Variable Type">Independent</Qualifier>
              <Qualifier name="Offset">0 [C]</Qualifier>
              <Qualifier name="Scale">1</Qualifier>
              <Qualifier name="Units">C</Qualifier>
              <Qualifier name="Field Variable">Temperature</Qualifier>
              <Qualifier name="Default Data">22</Qualifier>
              <Qualifier name="Field Units">C</Qualifier>
              <Qualifier name="Upper Limit">Program Controlled</Qualifier>
              <Qualifier name="Lower Limit">Program Controlled</Qualifier>
            </ParameterValue>
          </PropertyData>
          <PropertyData property="pr10">
            <Data format="string">-</Data>
            <Qualifier name="BETA">Mechanical.ModalAcoustics</Qualifier>
            <Qualifier name="Field Variable Compatible">Temperature</Qualifier>
            <ParameterValue parameter="pa15" format="float">
              <Data>1.7894e-05</Data>
              <Qualifier name="Variable Type">Dependent</Qualifier>
              <Qualifier name="Offset">0 [Pa s]</Qualifier>
              <Qualifier name="Scale">1</Qualifier>
              <Qualifier name="Units">Pa s</Qualifier>
            </ParameterValue>
            <ParameterValue parameter="pa8" format="float">
              <Data>7.88860905221012e-31</Data>
              <Qualifier name="Variable Type">Independent</Qualifier>
              <Qualifier name="Offset">0 [C]</Qualifier>
              <Qualifier name="Scale">1</Qualifier>
              <Qualifier name="Units">C</Qualifier>
              <Qualifier name="Field Variable">Temperature</Qualifier>
              <Qualifier name="Default Data">22</Qualifier>
              <Qualifier name="Field Units">C</Qualifier>
              <Qualifier name="Upper Limit">Program Controlled</Qualifier>
              <Qualifier name="Lower Limit">Program Controlled</Qualifier>
            </ParameterValue>
          </PropertyData>
          <PropertyData property="pr14">
            <Data format="string">-</Data>
            <ParameterValue parameter="pa19" format="float">
              <Data>28.966</Data>
              <Qualifier name="Variable Type">Dependent</Qualifier>
              <Qualifier name="Offset">0 [kg kmol^-1]</Qualifier>
              <Qualifier name="Scale">1</Qualifier>
              <Qualifier name="Units">kg kmol^-1</Qualifier>
            </ParameterValue>
          </PropertyData>
          <PropertyData property="pr16">
            <Data format="string">-</Data>
            <ParameterValue parameter="pa21" format="float">
              <Data>3.711</Data>
              <Qualifier name="Variable Type">Dependent</Qualifier>
              <Qualifier name="Offset">0 [m]</Qualifier>
              <Qualifier name="Scale">1</Qualifier>
              <Qualifier name="Units">m</Qualifier>
            </ParameterValue>
          </PropertyData>
          <PropertyData property="pr18">
            <Data format="string">-</Data>
            <ParameterValue parameter="pa23" format="float">
              <Data>78.6</Data>
              <Qualifier name="Variable Type">Dependent</Qualifier>
              <Qualifier name="Offset">0 [J]</Qualifier>
              <Qualifier name="Scale">1</Qualifier>
              <Qualifier name="Units">J</Qualifier>
            </ParameterValue>
          </PropertyData>
          <PropertyData property="pr20">
            <Data format="string">-</Data>
            <ParameterValue parameter="pa26" format="float">
              <Data>0.9137</Data>
              <Qualifier name="Variable Type">Dependent</Qualifier>
              <Qualifier name="Offset">0</Qualifier>
              <Qualifier name="Scale">1</Qualifier>
              <Qualifier name="Units">
              </Qualifier>
            </ParameterValue>
          </PropertyData>
          <PropertyData property="pr22">
            <Data format="string">-</Data>
            <ParameterValue parameter="pa28" format="float">
              <Data>0.9137</Data>
              <Qualifier name="Variable Type">Dependent</Qualifier>
              <Qualifier name="Offset">0 [m s^-1]</Qualifier>
              <Qualifier name="Scale">1</Qualifier>
              <Qualifier name="Units">m s^-1</Qualifier>
            </ParameterValue>
          </PropertyData>
          <PropertyData property="pr28">
            <Data format="string">-</Data>
            <ParameterValue parameter="pa42" format="float">
              <Data>194336</Data>
              <Qualifier name="Variable Type">Dependent</Qualifier>
              <Qualifier name="Offset">0 [J C^-1]</Qualifier>
              <Qualifier name="Scale">1</Qualifier>
              <Qualifier name="Units">J C^-1</Qualifier>
            </ParameterValue>
          </PropertyData>
          <PropertyData property="pr29">
            <Data format="string">-</Data>
            <ParameterValue parameter="pa43" format="float">
              <Data>25</Data>
              <Qualifier name="Variable Type">Dependent</Qualifier>
              <Qualifier name="Offset">0 [C]</Qualifier>
              <Qualifier name="Scale">1</Qualifier>
              <Qualifier name="Units">C</Qualifier>
            </ParameterValue>
          </PropertyData>
          <PropertyData property="pr19">
            <Data format="string">-</Data>
            <ParameterValue parameter="pa24" format="float">
              <Data>3758000</Data>
              <Qualifier name="Variable Type">Dependent</Qualifier>
              <Qualifier name="Offset">0 [J m^-3]</Qualifier>
              <Qualifier name="Scale">1</Qualifier>
              <Qualifier name="Units">J m^-3</Qualifier>
            </ParameterValue>
          </PropertyData>
          <PropertyData property="pr21">
            <Data format="string">-</Data>
            <ParameterValue parameter="pa27" format="float">
              <Data>-140.85</Data>
              <Qualifier name="Variable Type">Dependent</Qualifier>
              <Qualifier name="Offset">0 [C]</Qualifier>
              <Qualifier name="Scale">1</Qualifier>
              <Qualifier name="Units">C</Qualifier>
            </ParameterValue>
          </PropertyData>
          <PropertyData property="pr31">
            <Data format="string">-</Data>
            <ParameterValue parameter="pa45" format="float">
              <Data>0.033</Data>
              <Qualifier name="Variable Type">Dependent</Qualifier>
              <Qualifier name="Offset">0</Qualifier>
              <Qualifier name="Scale">1</Qualifier>
              <Qualifier name="Units">
              </Qualifier>
            </ParameterValue>
          </PropertyData>
          <PropertyData property="pr23">
            <Data format="string">-</Data>
            <ParameterValue parameter="pa29" format="float">
              <Data>0.002857</Data>
              <Qualifier name="Variable Type">Dependent</Qualifier>
              <Qualifier name="Offset">0 [m^3]</Qualifier>
              <Qualifier name="Scale">1</Qualifier>
              <Qualifier name="Units">m^3</Qualifier>
            </ParameterValue>
          </PropertyData>
          <PropertyData property="pr30">
            <Data format="string">-</Data>
            <Qualifier name="Behavior">Isotropic</Qualifier>
            <ParameterValue parameter="pa44" format="float">
              <Data>1</Data>
              <Qualifier name="Variable Type">Dependent</Qualifier>
              <Qualifier name="Offset">0</Qualifier>
              <Qualifier name="Scale">1</Qualifier>
              <Qualifier name="Units">
              </Qualifier>
            </ParameterValue>
          </PropertyData>
          <PropertyData property="pr24">
            <Data format="string">-</Data>
            <ParameterValue parameter="pa30" format="float">
              <Data>0</Data>
              <Qualifier name="Variable Type">Dependent</Qualifier>
              <Qualifier name="Offset">0 [m^-1]</Qualifier>
              <Qualifier name="Scale">1</Qualifier>
              <Qualifier name="Units">m^-1</Qualifier>
            </ParameterValue>
          </PropertyData>
          <PropertyData property="pr32">
            <Data format="string">-</Data>
            <Qualifier name="BETA">Mechanical.ModalAcoustics</Qualifier>
            <Qualifier name="Field Variable Compatible">Temperature</Qualifier>
            <ParameterValue parameter="pa46" format="float">
              <Data>346.25</Data>
              <Qualifier name="Variable Type">Dependent</Qualifier>
              <Qualifier name="Offset">0 [m s^-1]</Qualifier>
              <Qualifier name="Scale">1</Qualifier>
              <Qualifier name="Units">m s^-1</Qualifier>
            </ParameterValue>
          </PropertyData>
          <PropertyData property="pr17">
            <Data format="string">-</Data>
            <Qualifier name="guid">da161757-115e-4cf8-9a11-8c17dec51366</Qualifier>
            <Qualifier name="Display">False</Qualifier>
          </PropertyData>
          <PropertyData property="pr0">
            <Data format="string">-</Data>
            <ParameterValue parameter="pa0" format="float">
              <Data>-1</Data>
              <Qualifier name="Variable Type">Dependent</Qualifier>
              <Qualifier name="Offset">0</Qualifier>
              <Qualifier name="Scale">1</Qualifier>
              <Qualifier name="Units">
              </Qualifier>
            </ParameterValue>
            <ParameterValue parameter="pa1" format="float">
              <Data>-1</Data>
              <Qualifier name="Variable Type">Dependent</Qualifier>
              <Qualifier name="Offset">0</Qualifier>
              <Qualifier name="Scale">1</Qualifier>
              <Qualifier name="Units">
              </Qualifier>
            </ParameterValue>
            <ParameterValue parameter="pa2" format="float">
              <Data>-1</Data>
              <Qualifier name="Variable Type">Dependent</Qualifier>
              <Qualifier name="Offset">0</Qualifier>
              <Qualifier name="Scale">1</Qualifier>
              <Qualifier name="Units">
              </Qualifier>
            </ParameterValue>
            <ParameterValue parameter="pa3" format="string">
              <Data>Appearance</Data>
            </ParameterValue>
          </PropertyData>
        </BulkDetails>
      </Material>
      <Material>
        <BulkDetails>
          <Name>bread</Name>
          <PropertyData property="pr0">
            <Data format="string">-</Data>
            <ParameterValue parameter="pa0" format="float">
              <Data>181</Data>
              <Qualifier name="Variable Type">Dependent</Qualifier>
              <Qualifier name="Offset">0</Qualifier>
              <Qualifier name="Scale">1</Qualifier>
              <Qualifier name="Units">
              </Qualifier>
            </ParameterValue>
            <ParameterValue parameter="pa1" format="float">
              <Data>194</Data>
              <Qualifier name="Variable Type">Dependent</Qualifier>
              <Qualifier name="Offset">0</Qualifier>
              <Qualifier name="Scale">1</Qualifier>
              <Qualifier name="Units">
              </Qualifier>
            </ParameterValue>
            <ParameterValue parameter="pa2" format="float">
              <Data>156</Data>
              <Qualifier name="Variable Type">Dependent</Qualifier>
              <Qualifier name="Offset">0</Qualifier>
              <Qualifier name="Scale">1</Qualifier>
              <Qualifier name="Units">
              </Qualifier>
            </ParameterValue>
            <ParameterValue parameter="pa3" format="string">
              <Data>Appearance</Data>
            </ParameterValue>
          </PropertyData>
          <PropertyData property="pr3">
            <Data format="string">-</Data>
            <Qualifier name="Field Variable Compatible">Temperature</Qualifier>
            <ParameterValue parameter="pa6" format="string">
              <Data>Interpolation Options</Data>
              <Qualifier name="AlgorithmType">Linear Multivariate</Qualifier>
              <Qualifier name="Normalized">True</Qualifier>
              <Qualifier name="Cached">True</Qualifier>
              <Qualifier name="ExtrapolationType">Projection to the Bounding Box</Qualifier>
            </ParameterValue>
            <ParameterValue parameter="pa7" format="float">
              <Data>450</Data>
              <Qualifier name="Variable Type">Dependent</Qualifier>
              <Qualifier name="Offset">0 [kg m^-3]</Qualifier>
              <Qualifier name="Scale">1</Qualifier>
              <Qualifier name="Units">kg m^-3</Qualifier>
            </ParameterValue>
            <ParameterValue parameter="pa8" format="float">
              <Data>7.88860905221012e-31</Data>
              <Qualifier name="Variable Type">Independent</Qualifier>
              <Qualifier name="Offset">0 [C]</Qualifier>
              <Qualifier name="Scale">1</Qualifier>
              <Qualifier name="Units">C</Qualifier>
              <Qualifier name="Field Variable">Temperature</Qualifier>
              <Qualifier name="Default Data">22</Qualifier>
              <Qualifier name="Field Units">C</Qualifier>
              <Qualifier name="Upper Limit">Program Controlled</Qualifier>
              <Qualifier name="Lower Limit">Program Controlled</Qualifier>
            </ParameterValue>
          </PropertyData>
          <PropertyData property="pr11">
            <Data format="string">-</Data>
            <ParameterValue parameter="pa16" format="float">
              <Data>9999</Data>
              <Qualifier name="Variable Type">Dependent</Qualifier>
              <Qualifier name="Offset">0 [C]</Qualifier>
              <Qualifier name="Scale">1</Qualifier>
              <Qualifier name="Units">C</Qualifier>
            </ParameterValue>
          </PropertyData>
          <PropertyData property="pr4">
            <Data format="string">-</Data>
            <Qualifier name="Behavior">Isotropic</Qualifier>
            <Qualifier name="Field Variable Compatible">Temperature</Qualifier>
            <ParameterValue parameter="pa6" format="string">
              <Data>Interpolation Options</Data>
              <Qualifier name="AlgorithmType">Linear Multivariate</Qualifier>
              <Qualifier name="Normalized">True</Qualifier>
              <Qualifier name="Cached">True</Qualifier>
              <Qualifier name="ExtrapolationType">Projection to the Bounding Box</Qualifier>
            </ParameterValue>
            <ParameterValue parameter="pa9" format="float">
              <Data>0.05</Data>
              <Qualifier name="Variable Type">Dependent</Qualifier>
              <Qualifier name="Offset">0 [W m^-1 C^-1]</Qualifier>
              <Qualifier name="Scale">1</Qualifier>
              <Qualifier name="Units">W m^-1 C^-1</Qualifier>
            </ParameterValue>
            <ParameterValue parameter="pa8" format="float">
              <Data>7.88860905221012e-31</Data>
              <Qualifier name="Variable Type">Independent</Qualifier>
              <Qualifier name="Offset">0 [C]</Qualifier>
              <Qualifier name="Scale">1</Qualifier>
              <Qualifier name="Units">C</Qualifier>
              <Qualifier name="Field Variable">Temperature</Qualifier>
              <Qualifier name="Default Data">22</Qualifier>
              <Qualifier name="Field Units">C</Qualifier>
              <Qualifier name="Upper Limit">Program Controlled</Qualifier>
              <Qualifier name="Lower Limit">Program Controlled</Qualifier>
            </ParameterValue>
          </PropertyData>
          <PropertyData property="pr8">
            <Data format="string">-</Data>
            <Qualifier name="Definition">Constant Pressure</Qualifier>
            <Qualifier name="Field Variable Compatible">Temperature</Qualifier>
            <Qualifier name="Symbol">Cᵨ</Qualifier>
            <ParameterValue parameter="pa6" format="string">
              <Data>Interpolation Options</Data>
              <Qualifier name="AlgorithmType">Linear Multivariate</Qualifier>
              <Qualifier name="Normalized">True</Qualifier>
              <Qualifier name="Cached">True</Qualifier>
              <Qualifier name="ExtrapolationType">Projection to the Bounding Box</Qualifier>
            </ParameterValue>
            <ParameterValue parameter="pa14" format="float">
              <Data>2500</Data>
              <Qualifier name="Variable Type">Dependent</Qualifier>
              <Qualifier name="Offset">0 [J kg^-1 C^-1]</Qualifier>
              <Qualifier name="Scale">1</Qualifier>
              <Qualifier name="Units">J kg^-1 C^-1</Qualifier>
            </ParameterValue>
            <ParameterValue parameter="pa8" format="float">
              <Data>7.88860905221012e-31</Data>
              <Qualifier name="Variable Type">Independent</Qualifier>
              <Qualifier name="Offset">0 [C]</Qualifier>
              <Qualifier name="Scale">1</Qualifier>
              <Qualifier name="Units">C</Qualifier>
              <Qualifier name="Field Variable">Temperature</Qualifier>
              <Qualifier name="Default Data">22</Qualifier>
              <Qualifier name="Field Units">C</Qualifier>
              <Qualifier name="Upper Limit">Program Controlled</Qualifier>
              <Qualifier name="Lower Limit">Program Controlled</Qualifier>
            </ParameterValue>
          </PropertyData>
        </BulkDetails>
      </Material>
      <Material>
        <BulkDetails>
          <Name>Nickel</Name>
          <Class>
            <Name>Metal</Name>
          </Class>
          <PropertyData property="pr3">
            <Data format="string">-</Data>
            <Qualifier name="Field Variable Compatible">Temperature</Qualifier>
            <ParameterValue parameter="pa6" format="string">
              <Data>Interpolation Options</Data>
              <Qualifier name="AlgorithmType">Linear Multivariate (Qhull)</Qualifier>
              <Qualifier name="Normalized">True</Qualifier>
              <Qualifier name="Cached">True</Qualifier>
              <Qualifier name="ExtrapolationType">Projection to the Bounding Box</Qualifier>
            </ParameterValue>
            <ParameterValue parameter="pa7" format="float">
              <Data>8900</Data>
              <Qualifier name="Variable Type">Dependent</Qualifier>
              <Qualifier name="Offset">0 [kg m^-3]</Qualifier>
              <Qualifier name="Scale">1</Qualifier>
              <Qualifier name="Units">kg m^-3</Qualifier>
            </ParameterValue>
          </PropertyData>
          <PropertyData property="pr8">
            <Data format="string">-</Data>
            <Qualifier name="Definition">Constant Pressure</Qualifier>
            <Qualifier name="Field Variable Compatible">Temperature</Qualifier>
            <Qualifier name="Symbol">Cᵨ</Qualifier>
            <ParameterValue parameter="pa6" format="string">
              <Data>Interpolation Options</Data>
              <Qualifier name="AlgorithmType">Linear Multivariate (Qhull)</Qualifier>
              <Qualifier name="Normalized">True</Qualifier>
              <Qualifier name="Cached">True</Qualifier>
              <Qualifier name="ExtrapolationType">Projection to the Bounding Box</Qualifier>
            </ParameterValue>
            <ParameterValue parameter="pa14" format="float">
              <Data>460.6</Data>
              <Qualifier name="Variable Type">Dependent</Qualifier>
              <Qualifier name="Offset">0 [J kg^-1 C^-1]</Qualifier>
              <Qualifier name="Scale">1</Qualifier>
              <Qualifier name="Units">J kg^-1 C^-1</Qualifier>
            </ParameterValue>
          </PropertyData>
          <PropertyData property="pr4">
            <Data format="string">-</Data>
            <Qualifier name="Behavior">Isotropic</Qualifier>
            <Qualifier name="Field Variable Compatible">Temperature</Qualifier>
            <ParameterValue parameter="pa6" format="string">
              <Data>Interpolation Options</Data>
              <Qualifier name="AlgorithmType">Linear Multivariate (Qhull)</Qualifier>
              <Qualifier name="Normalized">True</Qualifier>
              <Qualifier name="Cached">True</Qualifier>
              <Qualifier name="ExtrapolationType">Projection to the Bounding Box</Qualifier>
            </ParameterValue>
            <ParameterValue parameter="pa9" format="float">
              <Data>91.74</Data>
              <Qualifier name="Variable Type">Dependent</Qualifier>
              <Qualifier name="Offset">0 [W m^-1 C^-1]</Qualifier>
              <Qualifier name="Scale">1</Qualifier>
              <Qualifier name="Units">W m^-1 C^-1</Qualifier>
            </ParameterValue>
            <ParameterValue parameter="pa8" format="float">
              <Data>7.88860905221012e-31</Data>
              <Qualifier name="Variable Type">Independent</Qualifier>
              <Qualifier name="Offset">0 [C]</Qualifier>
              <Qualifier name="Scale">1</Qualifier>
              <Qualifier name="Units">C</Qualifier>
              <Qualifier name="Field Variable">Temperature</Qualifier>
              <Qualifier name="Default Data">22</Qualifier>
              <Qualifier name="Field Units">C</Qualifier>
              <Qualifier name="Upper Limit">Program Controlled</Qualifier>
              <Qualifier name="Lower Limit">Program Controlled</Qualifier>
            </ParameterValue>
          </PropertyData>
          <PropertyData property="pr13">
            <Data format="string">-</Data>
            <ParameterValue parameter="pa18" format="float">
              <Data>12820000</Data>
              <Qualifier name="Variable Type">Dependent</Qualifier>
              <Qualifier name="Offset">0 [A^2 s^3 kg^-1 m^-3]</Qualifier>
              <Qualifier name="Scale">1</Qualifier>
              <Qualifier name="Units">A^2 s^3 kg^-1 m^-3</Qualifier>
            </ParameterValue>
          </PropertyData>
          <PropertyData property="pr15">
            <Data format="string">-</Data>
            <ParameterValue parameter="pa20" format="float">
              <Data>1.257e-06</Data>
              <Qualifier name="Variable Type">Dependent</Qualifier>
              <Qualifier name="Offset">0 [kg m A^-2 s^-2]</Qualifier>
              <Qualifier name="Scale">1</Qualifier>
              <Qualifier name="Units">kg m A^-2 s^-2</Qualifier>
            </ParameterValue>
          </PropertyData>
          <PropertyData property="pr19">
            <Data format="string">-</Data>
            <ParameterValue parameter="pa24" format="float">
              <Data>1080000000</Data>
              <Qualifier name="Variable Type">Dependent</Qualifier>
              <Qualifier name="Offset">0 [J m^-3]</Qualifier>
              <Qualifier name="Scale">1</Qualifier>
              <Qualifier name="Units">J m^-3</Qualifier>
            </ParameterValue>
          </PropertyData>
          <PropertyData property="pr21">
            <Data format="string">-</Data>
            <ParameterValue parameter="pa27" format="float">
              <Data>9186.85</Data>
              <Qualifier name="Variable Type">Dependent</Qualifier>
              <Qualifier name="Offset">0 [C]</Qualifier>
              <Qualifier name="Scale">1</Qualifier>
              <Qualifier name="Units">C</Qualifier>
            </ParameterValue>
          </PropertyData>
          <PropertyData property="pr23">
            <Data format="string">-</Data>
            <ParameterValue parameter="pa29" format="float">
              <Data>0.000391</Data>
              <Qualifier name="Variable Type">Dependent</Qualifier>
              <Qualifier name="Offset">0 [m^3]</Qualifier>
              <Qualifier name="Scale">1</Qualifier>
              <Qualifier name="Units">m^3</Qualifier>
            </ParameterValue>
          </PropertyData>
          <PropertyData property="pr24">
            <Data format="string">-</Data>
            <ParameterValue parameter="pa30" format="float">
              <Data>0</Data>
              <Qualifier name="Variable Type">Dependent</Qualifier>
              <Qualifier name="Offset">0 [m^-1]</Qualifier>
              <Qualifier name="Scale">1</Qualifier>
              <Qualifier name="Units">m^-1</Qualifier>
            </ParameterValue>
          </PropertyData>
          <PropertyData property="pr17">
            <Data format="string">-</Data>
            <Qualifier name="guid">88132b72-e64b-4578-b7d4-c1057a97c795</Qualifier>
            <Qualifier name="Display">False</Qualifier>
          </PropertyData>
          <PropertyData property="pr0">
            <Data format="string">-</Data>
            <ParameterValue parameter="pa0" format="float">
              <Data>-1</Data>
              <Qualifier name="Variable Type">Dependent</Qualifier>
              <Qualifier name="Offset">0</Qualifier>
              <Qualifier name="Scale">1</Qualifier>
              <Qualifier name="Units">
              </Qualifier>
            </ParameterValue>
            <ParameterValue parameter="pa1" format="float">
              <Data>-1</Data>
              <Qualifier name="Variable Type">Dependent</Qualifier>
              <Qualifier name="Offset">0</Qualifier>
              <Qualifier name="Scale">1</Qualifier>
              <Qualifier name="Units">
              </Qualifier>
            </ParameterValue>
            <ParameterValue parameter="pa2" format="float">
              <Data>-1</Data>
              <Qualifier name="Variable Type">Dependent</Qualifier>
              <Qualifier name="Offset">0</Qualifier>
              <Qualifier name="Scale">1</Qualifier>
              <Qualifier name="Units">
              </Qualifier>
            </ParameterValue>
            <ParameterValue parameter="pa3" format="string">
              <Data>Appearance</Data>
            </ParameterValue>
          </PropertyData>
        </BulkDetails>
      </Material>
      <Material>
        <BulkDetails>
          <Name>Structural Steel 2</Name>
          <Description>Fatigue Data at zero mean stress comes from 1998 ASME BPV Code, Section 8, Div 2, Table 5-110.1</Description>
          <Class>
            <Name>Alloy</Name>
          </Class>
          <PropertyData property="pr0">
            <Data format="string">-</Data>
            <ParameterValue parameter="pa0" format="float">
              <Data>132</Data>
              <Qualifier name="Variable Type">Dependent</Qualifier>
              <Qualifier name="Offset">0</Qualifier>
              <Qualifier name="Scale">1</Qualifier>
              <Qualifier name="Units">
              </Qualifier>
            </ParameterValue>
            <ParameterValue parameter="pa1" format="float">
              <Data>139</Data>
              <Qualifier name="Variable Type">Dependent</Qualifier>
              <Qualifier name="Offset">0</Qualifier>
              <Qualifier name="Scale">1</Qualifier>
              <Qualifier name="Units">
              </Qualifier>
            </ParameterValue>
            <ParameterValue parameter="pa2" format="float">
              <Data>179</Data>
              <Qualifier name="Variable Type">Dependent</Qualifier>
              <Qualifier name="Offset">0</Qualifier>
              <Qualifier name="Scale">1</Qualifier>
              <Qualifier name="Units">
              </Qualifier>
            </ParameterValue>
            <ParameterValue parameter="pa3" format="string">
              <Data>Appearance</Data>
            </ParameterValue>
          </PropertyData>
          <PropertyData property="pr1">
            <Data format="string">-</Data>
            <ParameterValue parameter="pa4" format="float">
              <Data>0</Data>
              <Qualifier name="Variable Type">Dependent</Qualifier>
              <Qualifier name="Offset">0 [Pa]</Qualifier>
              <Qualifier name="Scale">1</Qualifier>
              <Qualifier name="Units">Pa</Qualifier>
            </ParameterValue>
          </PropertyData>
          <PropertyData property="pr2">
            <Data format="string">-</Data>
            <ParameterValue parameter="pa5" format="float">
              <Data>250000000</Data>
              <Qualifier name="Variable Type">Dependent</Qualifier>
              <Qualifier name="Offset">0 [Pa]</Qualifier>
              <Qualifier name="Scale">1</Qualifier>
              <Qualifier name="Units">Pa</Qualifier>
            </ParameterValue>
          </PropertyData>
          <PropertyData property="pr3">
            <Data format="string">-</Data>
            <Qualifier name="Field Variable Compatible">Temperature</Qualifier>
            <ParameterValue parameter="pa6" format="string">
              <Data>Interpolation Options</Data>
              <Qualifier name="AlgorithmType">Linear Multivariate (Qhull)</Qualifier>
              <Qualifier name="Normalized">True</Qualifier>
              <Qualifier name="Cached">True</Qualifier>
              <Qualifier name="ExtrapolationType">Projection to the Bounding Box</Qualifier>
            </ParameterValue>
            <ParameterValue parameter="pa7" format="float">
              <Data>7850</Data>
              <Qualifier name="Variable Type">Dependent</Qualifier>
              <Qualifier name="Offset">0 [kg m^-3]</Qualifier>
              <Qualifier name="Scale">1</Qualifier>
              <Qualifier name="Units">kg m^-3</Qualifier>
            </ParameterValue>
            <ParameterValue parameter="pa8" format="float">
              <Data>7.88860905221012e-31</Data>
              <Qualifier name="Variable Type">Independent</Qualifier>
              <Qualifier name="Offset">0 [C]</Qualifier>
              <Qualifier name="Scale">1</Qualifier>
              <Qualifier name="Units">C</Qualifier>
              <Qualifier name="Field Variable">Temperature</Qualifier>
              <Qualifier name="Default Data">22</Qualifier>
              <Qualifier name="Field Units">C</Qualifier>
              <Qualifier name="Upper Limit">Program Controlled</Qualifier>
              <Qualifier name="Lower Limit">Program Controlled</Qualifier>
            </ParameterValue>
          </PropertyData>
          <PropertyData property="pr5">
            <Data format="string">-</Data>
            <ParameterValue parameter="pa10" format="float">
              <Data>250000000</Data>
              <Qualifier name="Variable Type">Dependent</Qualifier>
              <Qualifier name="Offset">0 [Pa]</Qualifier>
              <Qualifier name="Scale">1</Qualifier>
              <Qualifier name="Units">Pa</Qualifier>
            </ParameterValue>
          </PropertyData>
          <PropertyData property="pr6">
            <Data format="string">-</Data>
            <ParameterValue parameter="pa11" format="float">
              <Data>460000000</Data>
              <Qualifier name="Variable Type">Dependent</Qualifier>
              <Qualifier name="Offset">0 [Pa]</Qualifier>
              <Qualifier name="Scale">1</Qualifier>
              <Qualifier name="Units">Pa</Qualifier>
            </ParameterValue>
          </PropertyData>
          <PropertyData property="pr7">
            <Data format="string">-</Data>
            <Qualifier name="Definition">Secant</Qualifier>
            <Qualifier name="Behavior">Isotropic</Qualifier>
            <Qualifier name="Field Variable Compatible">Temperature</Qualifier>
            <ParameterValue parameter="pa6" format="string">
              <Data>Interpolation Options</Data>
              <Qualifier name="AlgorithmType">Linear Multivariate (Qhull)</Qualifier>
              <Qualifier name="Normalized">True</Qualifier>
              <Qualifier name="Cached">True</Qualifier>
              <Qualifier name="ExtrapolationType">Projection to the Bounding Box</Qualifier>
            </ParameterValue>
            <ParameterValue parameter="pa12" format="float">
              <Data>1.2e-05</Data>
              <Qualifier name="Variable Type">Dependent</Qualifier>
              <Qualifier name="Offset">0 [C^-1]</Qualifier>
              <Qualifier name="Scale">1</Qualifier>
              <Qualifier name="Units">C^-1</Qualifier>
            </ParameterValue>
            <ParameterValue parameter="pa8" format="float">
              <Data>7.88860905221012e-31</Data>
              <Qualifier name="Variable Type">Independent</Qualifier>
              <Qualifier name="Offset">0 [C]</Qualifier>
              <Qualifier name="Scale">1</Qualifier>
              <Qualifier name="Units">C</Qualifier>
              <Qualifier name="Field Variable">Temperature</Qualifier>
              <Qualifier name="Default Data">22</Qualifier>
              <Qualifier name="Field Units">C</Qualifier>
              <Qualifier name="Upper Limit">Program Controlled</Qualifier>
              <Qualifier name="Lower Limit">Program Controlled</Qualifier>
            </ParameterValue>
          </PropertyData>
          <PropertyData property="pr9">
            <Data format="string">-</Data>
            <Qualifier name="Definition">Secant</Qualifier>
            <Qualifier name="Behavior">Isotropic</Qualifier>
            <ParameterValue parameter="pa13" format="float">
              <Data>22</Data>
              <Qualifier name="Variable Type">Dependent</Qualifier>
              <Qualifier name="Offset">0 [C]</Qualifier>
              <Qualifier name="Scale">1</Qualifier>
              <Qualifier name="Units">C</Qualifier>
            </ParameterValue>
            <ParameterValue parameter="pa3" format="string">
              <Data>Coefficient of Thermal Expansion</Data>
            </ParameterValue>
          </PropertyData>
          <PropertyData property="pr8">
            <Data format="string">-</Data>
            <Qualifier name="Definition">Constant Pressure</Qualifier>
            <Qualifier name="Field Variable Compatible">Temperature</Qualifier>
            <Qualifier name="Symbol">Cᵨ</Qualifier>
            <ParameterValue parameter="pa6" format="string">
              <Data>Interpolation Options</Data>
              <Qualifier name="AlgorithmType">Linear Multivariate (Qhull)</Qualifier>
              <Qualifier name="Normalized">True</Qualifier>
              <Qualifier name="Cached">True</Qualifier>
              <Qualifier name="ExtrapolationType">Projection to the Bounding Box</Qualifier>
            </ParameterValue>
            <ParameterValue parameter="pa14" format="float">
              <Data>434</Data>
              <Qualifier name="Variable Type">Dependent</Qualifier>
              <Qualifier name="Offset">0 [J kg^-1 C^-1]</Qualifier>
              <Qualifier name="Scale">1</Qualifier>
              <Qualifier name="Units">J kg^-1 C^-1</Qualifier>
            </ParameterValue>
            <ParameterValue parameter="pa8" format="float">
              <Data>7.88860905221012e-31</Data>
              <Qualifier name="Variable Type">Independent</Qualifier>
              <Qualifier name="Offset">0 [C]</Qualifier>
              <Qualifier name="Scale">1</Qualifier>
              <Qualifier name="Units">C</Qualifier>
              <Qualifier name="Field Variable">Temperature</Qualifier>
              <Qualifier name="Default Data">22</Qualifier>
              <Qualifier name="Field Units">C</Qualifier>
              <Qualifier name="Upper Limit">Program Controlled</Qualifier>
              <Qualifier name="Lower Limit">Program Controlled</Qualifier>
            </ParameterValue>
          </PropertyData>
          <PropertyData property="pr4">
            <Data format="string">-</Data>
            <Qualifier name="Behavior">Isotropic</Qualifier>
            <Qualifier name="Field Variable Compatible">Temperature</Qualifier>
            <ParameterValue parameter="pa6" format="string">
              <Data>Interpolation Options</Data>
              <Qualifier name="AlgorithmType">Linear Multivariate (Qhull)</Qualifier>
              <Qualifier name="Normalized">True</Qualifier>
              <Qualifier name="Cached">True</Qualifier>
              <Qualifier name="ExtrapolationType">Projection to the Bounding Box</Qualifier>
            </ParameterValue>
            <ParameterValue parameter="pa9" format="float">
              <Data>60.5</Data>
              <Qualifier name="Variable Type">Dependent</Qualifier>
              <Qualifier name="Offset">0 [W m^-1 C^-1]</Qualifier>
              <Qualifier name="Scale">1</Qualifier>
              <Qualifier name="Units">W m^-1 C^-1</Qualifier>
            </ParameterValue>
            <ParameterValue parameter="pa8" format="float">
              <Data>21</Data>
              <Qualifier name="Variable Type">Independent</Qualifier>
              <Qualifier name="Offset">0 [C]</Qualifier>
              <Qualifier name="Scale">1</Qualifier>
              <Qualifier name="Units">C</Qualifier>
              <Qualifier name="Field Variable">Temperature</Qualifier>
              <Qualifier name="Default Data">22</Qualifier>
              <Qualifier name="Field Units">C</Qualifier>
              <Qualifier name="Upper Limit">Program Controlled</Qualifier>
              <Qualifier name="Lower Limit">Program Controlled</Qualifier>
            </ParameterValue>
          </PropertyData>
          <PropertyData property="pr12">
            <Data format="string">-</Data>
            <Qualifier name="Interpolation">Log-Log</Qualifier>
            <Qualifier name="Field Variable Compatible">Mean Stress</Qualifier>
            <ParameterValue parameter="pa17" format="float">
              <Data>3999000000,2827000000,1896000000,1413000000,1069000000,441000000,262000000,214000000,138000000,114000000,86200000</Data>
              <Qualifier name="Variable Type">Dependent,Dependent,Dependent,Dependent,Dependent,Dependent,Dependent,Dependent,Dependent,Dependent,Dependent</Qualifier>
              <Qualifier name="Offset">0 [Pa],0 [Pa],0 [Pa],0 [Pa],0 [Pa],0 [Pa],0 [Pa],0 [Pa],0 [Pa],0 [Pa],0 [Pa]</Qualifier>
              <Qualifier name="Scale">1,1,1,1,1,1,1,1,1,1,1</Qualifier>
              <Qualifier name="Units">Pa,Pa,Pa,Pa,Pa,Pa,Pa,Pa,Pa,Pa,Pa</Qualifier>
            </ParameterValue>
            <ParameterValue parameter="pa22" format="float">
              <Data>10,20,50,100,200,2000,10000,20000,100000,200000,1000000</Data>
              <Qualifier name="Variable Type">Independent,Independent,Independent,Independent,Independent,Independent,Independent,Independent,Independent,Independent,Independent</Qualifier>
              <Qualifier name="Offset">0,0,0,0,0,0,0,0,0,0,0</Qualifier>
              <Qualifier name="Scale">1,1,1,1,1,1,1,1,1,1,1</Qualifier>
              <Qualifier name="Units">,,,,,,,,,,</Qualifier>
            </ParameterValue>
            <ParameterValue parameter="pa25" format="float">
              <Data>0,0,0,0,0,0,0,0,0,0,0</Data>
              <Qualifier name="Variable Type">Independent,Independent,Independent,Independent,Independent,Independent,Independent,Independent,Independent,Independent,Independent</Qualifier>
              <Qualifier name="Offset">0 [Pa],0 [Pa],0 [Pa],0 [Pa],0 [Pa],0 [Pa],0 [Pa],0 [Pa],0 [Pa],0 [Pa],0 [Pa]</Qualifier>
              <Qualifier name="Scale">1,1,1,1,1,1,1,1,1,1,1</Qualifier>
              <Qualifier name="Units">Pa,Pa,Pa,Pa,Pa,Pa,Pa,Pa,Pa,Pa,Pa</Qualifier>
              <Qualifier name="Field Variable">Mean Stress</Qualifier>
              <Qualifier name="Default Data">0</Qualifier>
              <Qualifier name="Field Units">Pa</Qualifier>
              <Qualifier name="Upper Limit">Program Controlled</Qualifier>
              <Qualifier name="Lower Limit">Program Controlled</Qualifier>
            </ParameterValue>
          </PropertyData>
          <PropertyData property="pr25">
            <Data format="string">-</Data>
            <Qualifier name="Display Curve Type">Strain-Life</Qualifier>
            <ParameterValue parameter="pa31" format="float">
              <Data>920000000</Data>
              <Qualifier name="Variable Type">Dependent</Qualifier>
              <Qualifier name="Offset">0 [Pa]</Qualifier>
              <Qualifier name="Scale">1</Qualifier>
              <Qualifier name="Units">Pa</Qualifier>
            </ParameterValue>
            <ParameterValue parameter="pa32" format="float">
              <Data>-0.106</Data>
              <Qualifier name="Variable Type">Dependent</Qualifier>
              <Qualifier name="Offset">0</Qualifier>
              <Qualifier name="Scale">1</Qualifier>
              <Qualifier name="Units">
              </Qualifier>
            </ParameterValue>
            <ParameterValue parameter="pa33" format="float">
              <Data>0.213</Data>
              <Qualifier name="Variable Type">Dependent</Qualifier>
              <Qualifier name="Offset">0</Qualifier>
              <Qualifier name="Scale">1</Qualifier>
              <Qualifier name="Units">
              </Qualifier>
            </ParameterValue>
            <ParameterValue parameter="pa34" format="float">
              <Data>-0.47</Data>
              <Qualifier name="Variable Type">Dependent</Qualifier>
              <Qualifier name="Offset">0</Qualifier>
              <Qualifier name="Scale">1</Qualifier>
              <Qualifier name="Units">
              </Qualifier>
            </ParameterValue>
            <ParameterValue parameter="pa35" format="float">
              <Data>1000000000</Data>
              <Qualifier name="Variable Type">Dependent</Qualifier>
              <Qualifier name="Offset">0 [Pa]</Qualifier>
              <Qualifier name="Scale">1</Qualifier>
              <Qualifier name="Units">Pa</Qualifier>
            </ParameterValue>
            <ParameterValue parameter="pa36" format="float">
              <Data>0.2</Data>
              <Qualifier name="Variable Type">Dependent</Qualifier>
              <Qualifier name="Offset">0</Qualifier>
              <Qualifier name="Scale">1</Qualifier>
              <Qualifier name="Units">
              </Qualifier>
            </ParameterValue>
          </PropertyData>
          <PropertyData property="pr26">
            <Data format="string">-</Data>
            <Qualifier name="Behavior">Isotropic</Qualifier>
            <ParameterValue parameter="pa47" format="float">
              <Data>1.7e-07</Data>
              <Qualifier name="Variable Type">Dependent</Qualifier>
              <Qualifier name="Offset">0 [kg m^3 A^-2 s^-3]</Qualifier>
              <Qualifier name="Scale">1</Qualifier>
              <Qualifier name="Units">kg m^3 A^-2 s^-3</Qualifier>
            </ParameterValue>
            <ParameterValue parameter="pa8" format="float">
              <Data>7.88860905221012e-31</Data>
              <Qualifier name="Variable Type">Independent</Qualifier>
              <Qualifier name="Offset">0 [C]</Qualifier>
              <Qualifier name="Scale">1</Qualifier>
              <Qualifier name="Units">C</Qualifier>
            </ParameterValue>
          </PropertyData>
          <PropertyData property="pr27">
            <Data format="string">-</Data>
            <Qualifier name="Behavior">Isotropic</Qualifier>
            <Qualifier name="Derive from">Young's Modulus and Poisson's Ratio</Qualifier>
            <Qualifier name="Field Variable Compatible">Temperature</Qualifier>
            <ParameterValue parameter="pa6" format="string">
              <Data>Interpolation Options</Data>
              <Qualifier name="AlgorithmType">Linear Multivariate (Qhull)</Qualifier>
              <Qualifier name="Normalized">True</Qualifier>
              <Qualifier name="Cached">True</Qualifier>
              <Qualifier name="ExtrapolationType">Projection to the Bounding Box</Qualifier>
            </ParameterValue>
            <ParameterValue parameter="pa38" format="float">
              <Data>200000000000</Data>
              <Qualifier name="Variable Type">Dependent</Qualifier>
              <Qualifier name="Offset">0 [Pa]</Qualifier>
              <Qualifier name="Scale">1</Qualifier>
              <Qualifier name="Units">Pa</Qualifier>
            </ParameterValue>
            <ParameterValue parameter="pa39" format="float">
              <Data>0.3</Data>
              <Qualifier name="Variable Type">Dependent</Qualifier>
              <Qualifier name="Offset">0</Qualifier>
              <Qualifier name="Scale">1</Qualifier>
              <Qualifier name="Units">
              </Qualifier>
            </ParameterValue>
            <ParameterValue parameter="pa40" format="float">
              <Data>166666666666.667</Data>
              <Qualifier name="Variable Type">Dependent</Qualifier>
              <Qualifier name="Offset">0 [Pa]</Qualifier>
              <Qualifier name="Scale">1</Qualifier>
              <Qualifier name="Units">Pa</Qualifier>
            </ParameterValue>
            <ParameterValue parameter="pa41" format="float">
              <Data>76923076923.0769</Data>
              <Qualifier name="Variable Type">Dependent</Qualifier>
              <Qualifier name="Offset">0 [Pa]</Qualifier>
              <Qualifier name="Scale">1</Qualifier>
              <Qualifier name="Units">Pa</Qualifier>
            </ParameterValue>
            <ParameterValue parameter="pa8" format="float">
              <Data>7.88860905221012e-31</Data>
              <Qualifier name="Variable Type">Independent</Qualifier>
              <Qualifier name="Offset">0 [C]</Qualifier>
              <Qualifier name="Scale">1</Qualifier>
              <Qualifier name="Units">C</Qualifier>
              <Qualifier name="Field Variable">Temperature</Qualifier>
              <Qualifier name="Default Data">22</Qualifier>
              <Qualifier name="Field Units">C</Qualifier>
              <Qualifier name="Upper Limit">Program Controlled</Qualifier>
              <Qualifier name="Lower Limit">Program Controlled</Qualifier>
            </ParameterValue>
          </PropertyData>
          <PropertyData property="pr30">
            <Data format="string">-</Data>
            <Qualifier name="Behavior">Isotropic</Qualifier>
            <ParameterValue parameter="pa44" format="float">
              <Data>10000</Data>
              <Qualifier name="Variable Type">Dependent</Qualifier>
              <Qualifier name="Offset">0</Qualifier>
              <Qualifier name="Scale">1</Qualifier>
              <Qualifier name="Units">
              </Qualifier>
            </ParameterValue>
          </PropertyData>
          <PropertyData property="pr17">
            <Data format="string">-</Data>
            <Qualifier name="guid">59002a79-71c2-428e-906b-55d7dbee100e</Qualifier>
            <Qualifier name="Display">False</Qualifier>
          </PropertyData>
        </BulkDetails>
      </Material>
      <Metadata>
        <ParameterDetails id="pa0">
          <Name>Red</Name>
        </ParameterDetails>
        <ParameterDetails id="pa1">
          <Name>Green</Name>
        </ParameterDetails>
        <ParameterDetails id="pa2">
          <Name>Blue</Name>
        </ParameterDetails>
        <ParameterDetails id="pa3">
          <Name>Material Property</Name>
        </ParameterDetails>
        <ParameterDetails id="pa4">
          <Name>Compressive Ultimate Strength</Name>
          <Units name="Stress" />
        </ParameterDetails>
        <ParameterDetails id="pa5">
          <Name>Compressive Yield Strength</Name>
          <Units name="Stress" />
        </ParameterDetails>
        <ParameterDetails id="pa6">
          <Name>Options Variable</Name>
        </ParameterDetails>
        <ParameterDetails id="pa7">
          <Name>Density</Name>
          <Units name="Density" />
        </ParameterDetails>
        <ParameterDetails id="pa8">
          <Name>Temperature</Name>
          <Units name="Temperature" />
        </ParameterDetails>
        <ParameterDetails id="pa10">
          <Name>Tensile Yield Strength</Name>
          <Units name="Stress" />
        </ParameterDetails>
        <ParameterDetails id="pa11">
          <Name>Tensile Ultimate Strength</Name>
          <Units name="Stress" />
        </ParameterDetails>
        <ParameterDetails id="pa12">
          <Name>Coefficient of Thermal Expansion</Name>
          <Units name="InvTemp1" />
        </ParameterDetails>
        <ParameterDetails id="pa13">
          <Name>Zero-Thermal-Strain Reference Temperature</Name>
          <Units name="Temperature" />
        </ParameterDetails>
        <ParameterDetails id="pa17">
          <Name>Alternating Stress</Name>
          <Units name="Stress" />
        </ParameterDetails>
        <ParameterDetails id="pa22">
          <Name>Cycles</Name>
        </ParameterDetails>
        <ParameterDetails id="pa25">
          <Name>Mean Stress</Name>
          <Units name="Stress" />
        </ParameterDetails>
        <ParameterDetails id="pa31">
          <Name>Strength Coefficient</Name>
          <Units name="Stress" />
        </ParameterDetails>
        <ParameterDetails id="pa32">
          <Name>Strength Exponent</Name>
        </ParameterDetails>
        <ParameterDetails id="pa33">
          <Name>Ductility Coefficient</Name>
        </ParameterDetails>
        <ParameterDetails id="pa34">
          <Name>Ductility Exponent</Name>
        </ParameterDetails>
        <ParameterDetails id="pa35">
          <Name>Cyclic Strength Coefficient</Name>
          <Units name="Stress" />
        </ParameterDetails>
        <ParameterDetails id="pa36">
          <Name>Cyclic Strain Hardening Exponent</Name>
        </ParameterDetails>
        <ParameterDetails id="pa37">
          <Name>Resistivity</Name>
          <Units name="Electrical Resistivity" />
        </ParameterDetails>
        <ParameterDetails id="pa38">
          <Name>Young's Modulus</Name>
          <Units name="Stress" />
        </ParameterDetails>
        <ParameterDetails id="pa39">
          <Name>Poisson's Ratio</Name>
        </ParameterDetails>
        <ParameterDetails id="pa40">
          <Name>Bulk Modulus</Name>
          <Units name="Stress" />
        </ParameterDetails>
        <ParameterDetails id="pa41">
          <Name>Shear Modulus</Name>
          <Units name="Stress" />
        </ParameterDetails>
        <ParameterDetails id="pa44">
          <Name>Relative Permeability</Name>
        </ParameterDetails>
        <ParameterDetails id="pa9">
          <Name>Thermal Conductivity</Name>
          <Units name="Thermal Conductivity" />
        </ParameterDetails>
        <ParameterDetails id="pa14">
          <Name>Specific Heat</Name>
          <Units name="Specific Heat Capacity" />
        </ParameterDetails>
        <ParameterDetails id="pa15">
          <Name>Viscosity</Name>
          <Units name="Dynamic Viscosity" />
        </ParameterDetails>
        <ParameterDetails id="pa19">
          <Name>Molecular Weight</Name>
          <Units name="Molar Mass" />
        </ParameterDetails>
        <ParameterDetails id="pa21">
          <Name>Lennard Jones Length</Name>
          <Units name="Length" />
        </ParameterDetails>
        <ParameterDetails id="pa23">
          <Name>Lennard Jones Energy</Name>
          <Units name="Energy" />
        </ParameterDetails>
        <ParameterDetails id="pa26">
          <Name>Thermal Accom Coefficient</Name>
        </ParameterDetails>
        <ParameterDetails id="pa28">
          <Name>Velocity Accom Coefficient</Name>
          <Units name="Velocity" />
        </ParameterDetails>
        <ParameterDetails id="pa42">
          <Name>Formation Entropy</Name>
          <Units name="Thermal Capacitance" />
        </ParameterDetails>
        <ParameterDetails id="pa43">
          <Name>Reference Temperature</Name>
          <Units name="Temperature" />
        </ParameterDetails>
        <ParameterDetails id="pa45">
          <Name>Acentric Factor</Name>
        </ParameterDetails>
        <ParameterDetails id="pa46">
          <Name>Speed of Sound</Name>
          <Units name="Velocity" />
        </ParameterDetails>
        <ParameterDetails id="pa16">
          <Name>Melting Temperature</Name>
          <Units name="Temperature" />
        </ParameterDetails>
        <ParameterDetails id="pa18">
          <Name>Electric Conductivity</Name>
          <Units name="Electrical Conductivity" />
        </ParameterDetails>
        <ParameterDetails id="pa20">
          <Name>Magnetic Permeability</Name>
          <Units name="Magnetic Permeability" />
        </ParameterDetails>
        <ParameterDetails id="pa24">
          <Name>Critical Pressure</Name>
          <Units name="MAPDL Enthalpy" />
        </ParameterDetails>
        <ParameterDetails id="pa27">
          <Name>Critical Temperature</Name>
          <Units name="Temperature" />
        </ParameterDetails>
        <ParameterDetails id="pa29">
          <Name>Critical Volume</Name>
          <Units name="Section Modulus" />
        </ParameterDetails>
        <ParameterDetails id="pa30">
          <Name>Absorption Coefficient</Name>
          <Units name="Inverse Length" />
        </ParameterDetails>
        <ParameterDetails id="pa47">
          <Name>Resistivity</Name>
          <Units name="Electrical Resistivity" />
        </ParameterDetails>
        <PropertyDetails id="pr0">
          <Name>Color</Name>
        </PropertyDetails>
        <PropertyDetails id="pr1">
          <Name>Compressive Ultimate Strength</Name>
        </PropertyDetails>
        <PropertyDetails id="pr2">
          <Name>Compressive Yield Strength</Name>
        </PropertyDetails>
        <PropertyDetails id="pr3">
          <Name>Density</Name>
        </PropertyDetails>
        <PropertyDetails id="pr4">
          <Name>Thermal Conductivity</Name>
        </PropertyDetails>
        <PropertyDetails id="pr5">
          <Name>Tensile Yield Strength</Name>
        </PropertyDetails>
        <PropertyDetails id="pr6">
          <Name>Tensile Ultimate Strength</Name>
        </PropertyDetails>
        <PropertyDetails id="pr7">
          <Name>Coefficient of Thermal Expansion</Name>
        </PropertyDetails>
        <PropertyDetails id="pr8">
          <Name>Specific Heat</Name>
        </PropertyDetails>
        <PropertyDetails id="pr9">
          <Name>Zero-Thermal-Strain Reference Temperature</Name>
        </PropertyDetails>
        <PropertyDetails id="pr10">
          <Name>Viscosity</Name>
        </PropertyDetails>
        <PropertyDetails id="pr11">
          <Name>Melting Temperature</Name>
        </PropertyDetails>
        <PropertyDetails id="pr12">
          <Name>S-N Curve</Name>
        </PropertyDetails>
        <PropertyDetails id="pr13">
          <Name>Electric Conductivity</Name>
        </PropertyDetails>
        <PropertyDetails id="pr14">
          <Name>Molecular Weight</Name>
        </PropertyDetails>
        <PropertyDetails id="pr15">
          <Name>Magnetic Permeability</Name>
        </PropertyDetails>
        <PropertyDetails id="pr16">
          <Name>Lennard Jones Length</Name>
        </PropertyDetails>
        <PropertyDetails id="pr17">
          <Name>Material Unique Id</Name>
        </PropertyDetails>
        <PropertyDetails id="pr18">
          <Name>Lennard Jones Energy</Name>
        </PropertyDetails>
        <PropertyDetails id="pr19">
          <Name>Critical Pressure</Name>
        </PropertyDetails>
        <PropertyDetails id="pr20">
          <Name>Thermal Accom Coefficient</Name>
        </PropertyDetails>
        <PropertyDetails id="pr21">
          <Name>Critical Temperature</Name>
        </PropertyDetails>
        <PropertyDetails id="pr22">
          <Name>Velocity Accom Coefficient</Name>
        </PropertyDetails>
        <PropertyDetails id="pr23">
          <Name>Critical Volume</Name>
        </PropertyDetails>
        <PropertyDetails id="pr24">
          <Name>Absorption Coefficient</Name>
        </PropertyDetails>
        <PropertyDetails id="pr25">
          <Name>Strain-Life Parameters</Name>
        </PropertyDetails>
        <PropertyDetails id="pr26">
          <Name>Resistivity</Name>
        </PropertyDetails>
        <PropertyDetails id="pr27">
          <Name>Elasticity</Name>
        </PropertyDetails>
        <PropertyDetails id="pr28">
          <Name>Formation Entropy</Name>
        </PropertyDetails>
        <PropertyDetails id="pr29">
          <Name>Reference Temperature</Name>
        </PropertyDetails>
        <PropertyDetails id="pr30">
          <Name>Relative Permeability</Name>
        </PropertyDetails>
        <PropertyDetails id="pr31">
          <Name>Acentric Factor</Name>
        </PropertyDetails>
        <PropertyDetails id="pr32">
          <Name>Speed of Sound</Name>
        </PropertyDetails>
      </Metadata>
    </MatML_Doc>
  </Materials>
  <ANSYSWBTransferData>
    <Materials>
      <Material>
        <Name>Structural Steel</Name>
        <DataTransferID>ed13cdb1-1a3e-476f-b369-e2f74d1201a9</DataTransferID>
        <PreviousTransferIDs>
        </PreviousTransferIDs>
      </Material>
      <Material>
        <Name>Mica</Name>
        <DataTransferID>8ffc389e-0c23-4fff-a3f8-3b37adb62a98</DataTransferID>
        <PreviousTransferIDs>8f7fcc0e-6652-4ba8-ba35-74720c6ddc95,,</PreviousTransferIDs>
      </Material>
      <Material>
        <Name>Air</Name>
        <DataTransferID>87f7f3c7-2c7c-465c-b3c3-95aeedc586d2</DataTransferID>
        <PreviousTransferIDs>da161757-115e-4cf8-9a11-8c17dec51366,,</PreviousTransferIDs>
      </Material>
      <Material>
        <Name>bread</Name>
        <DataTransferID>0e385a6f-3673-40f6-9422-58e86a480168</DataTransferID>
        <PreviousTransferIDs>
        </PreviousTransferIDs>
      </Material>
      <Material>
        <Name>Nickel</Name>
        <DataTransferID>013f00f1-06cc-4c3e-9eb8-0d163644b731</DataTransferID>
        <PreviousTransferIDs>88132b72-e64b-4578-b7d4-c1057a97c795,,</PreviousTransferIDs>
      </Material>
      <Material>
        <Name>Structural Steel 2</Name>
        <DataTransferID>21589def-a0ce-40c3-975e-f06eeeedbc66</DataTransferID>
        <PreviousTransferIDs>59002a79-71c2-428e-906b-55d7dbee100e,,</PreviousTransferIDs>
      </Material>
    </Materials>
  </ANSYSWBTransferData>
</EngineeringData>